Razão Social,Nome de Pregão,Segmento,Código,Status FRE,File_Path,Segmento_B3,Status ILP
MINASMAQUINAS S.A.,MINASMAQUINA,,MMAQ,A palavra 'Formulário de Referência - FRE' foi encontrada na página.,C:\Users\GabrieldeLima/Downloads\125804_008818_29092023170958.pdf,Tradicional - Bolsa,
AFLUENTE TRANSMISSÃO DE ENERGIA ELÉTRICA S/A,AFLUENTE T,,AFLT,A palavra 'Formulário de Referência - FRE' foi encontrada na página.,C:\Users\GabrieldeLima/Downloads\126527_022179_28092023110913.pdf,Tradicional - Bolsa,
ITAPEBI GERACAO DE ENERGIA S.A.,ITAPEBI,,ITPB,A palavra 'Formulário de Referência - FRE' foi encontrada na página.,C:\Users\GabrieldeLima/Downloads\126713_019364_29092023170912.pdf,Tradicional - Bolsa,
CIA ENERGETICA DE PERNAMBUCO - CELPE,CELPE,,CEPE,A palavra 'Formulário de Referência - FRE' foi encontrada na página.,C:\Users\GabrieldeLima/Downloads\127011_014362_28092023170946.pdf,Tradicional - Bolsa,
ELEKTRO REDES S.A.,ELEKTRO,,EKTR,A palavra 'Formulário de Referência - FRE' foi encontrada na página.,C:\Users\GabrieldeLima/Downloads\127014_017485_29092023120904.pdf,Tradicional - Bolsa,
TERMOPERNAMBUCO S.A.,TERMOPE,,TMPE,A palavra 'Formulário de Referência - FRE' foi encontrada na página.,C:\Users\GabrieldeLima/Downloads\127051_019852_29092023190907.pdf,Tradicional - Bolsa,
METISA METALURGICA TIMBOENSE S.A.,METISA,,MTSA,A palavra 'Formulário de Referência - FRE' foi encontrada na página.,C:\Users\GabrieldeLima/Downloads\127254_008753_29092023170910.pdf,Tradicional - Bolsa,
HOTEIS OTHON S.A.,HOTEIS OTHON,,HOOT,A palavra 'Formulário de Referência - FRE' foi encontrada na página.,C:\Users\GabrieldeLima/Downloads\127255_006700_29092023150914.pdf,Tradicional - Bolsa,
ELETROBRÁS PARTICIPAÇÕES S.A. - ELETROPAR,ELETROPAR,,LIPR,A palavra 'Formulário de Referência - FRE' foi encontrada na página.,C:\Users\GabrieldeLima/Downloads\127272_015784_29092023120959.pdf,Tradicional - Bolsa,
BOMBRIL S.A.,BOMBRIL,,BOBR,A palavra 'Formulário de Referência - FRE' foi encontrada na página.,C:\Users\GabrieldeLima/Downloads\127349_012190_28092023160932.pdf,Tradicional - Bolsa,
JOSAPAR-JOAQUIM OLIVEIRA S.A. - PARTICIP,JOSAPAR,,JOPA,A palavra 'Formulário de Referência - FRE' foi encontrada na página.,C:\Users\GabrieldeLima/Downloads\127356_013285_29092023170946.pdf,Tradicional - Bolsa,
SANESALTO SANEAMENTO S.A.,SANESALTO,,SNST,A palavra 'Formulário de Referência - FRE' foi encontrada na página.,C:\Users\GabrieldeLima/Downloads\127376_019593_29092023180923.pdf,Tradicional - Bolsa,
BICICLETAS MONARK S.A.,BIC MONARK,,BMKS,A palavra 'Formulário de Referência - FRE' foi encontrada na página.,C:\Users\GabrieldeLima/Downloads\127381_001694_28092023160928.pdf,Tradicional - Bolsa,
DTCOM - DIRECT TO COMPANY S.A.,DTCOM-DIRECT,,DTCY,A palavra 'Formulário de Referência - FRE' foi encontrada na página.,C:\Users\GabrieldeLima/Downloads\127385_018597_28092023190906.pdf,Tradicional - Bolsa,
CEMEPE INVESTIMENTOS S.A.,CEMEPE,,MAPT,A palavra 'Formulário de Referência - FRE' foi encontrada na página.,C:\Users\GabrieldeLima/Downloads\127389_013854_28092023170910.pdf,Tradicional - Bolsa,
COMPANHIA BRASILEIRA DE ALUMÍNIO,CBA,NM,CBAV,A palavra 'Formulário de Referência - FRE' foi encontrada na página.,C:\Users\GabrieldeLima/Downloads\127394_025984_01102023201003.pdf,Novo Mercado,
WETZEL S.A.,WETZEL S/A,,MWET,A palavra 'Formulário de Referência - FRE' foi encontrada na página.,C:\Users\GabrieldeLima/Downloads\127407_011991_29092023190915.pdf,Tradicional - Bolsa,
MULTIPLAN - EMPREEND IMOBILIARIOS S.A.,MULTIPLAN,N2,MULT,A palavra 'Formulário de Referência - FRE' foi encontrada na página.,C:\Users\GabrieldeLima/Downloads\127424_020982_30092023100941.pdf,Nível 2 de Governança Corporativa,
TERMELÉTRICA PERNAMBUCO III S.A.,TERM. PE III,,TEPE,A palavra 'Formulário de Referência - FRE' foi encontrada na página.,C:\Users\GabrieldeLima/Downloads\127426_023329_29092023190943.pdf,Tradicional - Bolsa,
DOHLER S.A.,DOHLER,,DOHL,A palavra 'Formulário de Referência - FRE' foi encontrada na página.,C:\Users\GabrieldeLima/Downloads\127427_005207_28092023190901.pdf,Tradicional - Bolsa,
VULCABRAS S.A.,VULCABRAS,NM,VULC,A palavra 'Formulário de Referência - FRE' foi encontrada na página.,C:\Users\GabrieldeLima/Downloads\127431_011762_01102023131054.pdf,Novo Mercado,
FERREIRA GOMES ENERGIA S.A.,FGENERGIA,,FGEN,A palavra 'Formulário de Referência - FRE' foi encontrada na página.,C:\Users\GabrieldeLima/Downloads\127506_022977_29092023120945.pdf,Tradicional - Bolsa,
GUARARAPES CONFECCOES S.A.,GUARARAPES,NM,GUAR,A palavra 'Formulário de Referência - FRE' foi encontrada na página.,C:\Users\GabrieldeLima/Downloads\127523_004669_30092023170959.pdf,Novo Mercado,
TEKNO S.A. - INDUSTRIA E COMERCIO,TEKNO,,TKNO,A palavra 'Formulário de Referência - FRE' foi encontrada na página.,C:\Users\GabrieldeLima/Downloads\127541_011231_29092023180930.pdf,Tradicional - Bolsa,
TCP TERMINAL DE CONTEINERES DE PARANAGUA SA,TCP TERMINAL,,TCPA,A palavra 'Formulário de Referência - FRE' foi encontrada na página.,C:\Users\GabrieldeLima/Downloads\127543_024066_29092023180918.pdf,Tradicional - Bolsa,
TEGRA INCORPORADORA S.A.,TEGRA INCORP,,TEGA,A palavra 'Formulário de Referência - FRE' foi encontrada na página.,C:\Users\GabrieldeLima/Downloads\127549_025844_29092023180930.pdf,Tradicional - Bolsa,
UNICASA INDÚSTRIA DE MÓVEIS S.A.,UNICASA,NM,UCAS,A palavra 'Formulário de Referência - FRE' foi encontrada na página.,C:\Users\GabrieldeLima/Downloads\127550_022780_01102023121007.pdf,Novo Mercado,
CONSORCIO ALFA DE ADMINISTRACAO S.A.,ALFA CONSORC,,BRGE,A palavra 'Formulário de Referência - FRE' foi encontrada na página.,C:\Users\GabrieldeLima/Downloads\127553_004707_28092023190915.pdf,Tradicional - Bolsa,
ALFA HOLDINGS S.A.,ALFA HOLDING,,RPAD,A palavra 'Formulário de Referência - FRE' foi encontrada na página.,C:\Users\GabrieldeLima/Downloads\127555_009954_28092023110915.pdf,Tradicional - Bolsa,
CIA TECIDOS SANTANENSE,SANTANENSE,,CTSA,A palavra 'Formulário de Referência - FRE' foi encontrada na página.,C:\Users\GabrieldeLima/Downloads\127565_004081_28092023180912.pdf,Tradicional - Bolsa,
SECME - CIA SECURIT. CRÉD. IMOBILIÁRIOS,BRAZIL REALT,,BZRS,A palavra 'Formulário de Referência - FRE' foi encontrada na página.,C:\Users\GabrieldeLima/Downloads\127589_019720_29092023180944.pdf,Tradicional - Bolsa,
BARDELLA S.A. INDUSTRIAS MECANICAS,BARDELLA,,BDLL,A palavra 'Formulário de Referência - FRE' foi encontrada na página.,C:\Users\GabrieldeLima/Downloads\127621_001520_28092023120955.pdf,Tradicional - Bolsa,
PANATLANTICA S.A.,PANATLANTICA,,PATI,A palavra 'Formulário de Referência - FRE' não foi encontrada na página.,C:\Users\GabrieldeLima/Downloads\127622_000094_02102023091017.pdf,Tradicional - Bolsa,
CIA DISTRIB DE GAS DO RIO DE JANEIRO-CEG,CEG,,CEGR,A palavra 'Formulário de Referência - FRE' foi encontrada na página.,C:\Users\GabrieldeLima/Downloads\127628_016616_28092023170941.pdf,Tradicional - Bolsa,
BRAZILIAN FINANCE E REAL ESTATE S.A.,BRAZILIAN FR,,BFRE,A palavra 'Formulário de Referência - FRE' foi encontrada na página.,C:\Users\GabrieldeLima/Downloads\127634_017922_28092023170948.pdf,Tradicional - Bolsa,
BRAZILIAN SECURITIES CIA DE SECURITIZACAO,BRAZILIAN SC,,BSCS,A palavra 'Formulário de Referência - FRE' foi encontrada na página.,C:\Users\GabrieldeLima/Downloads\127636_018759_28092023170955.pdf,Tradicional - Bolsa,
TELEFÔNICA BRASIL S.A,TELEF BRASIL,,VIVT,A palavra 'Formulário de Referência - FRE' foi encontrada na página.,C:\Users\GabrieldeLima/Downloads\127658_017671_29092023180947.pdf,Tradicional - Bolsa,
CONSERVAS ODERICH S.A.,ODERICH,,ODER,A palavra 'Formulário de Referência - FRE' foi encontrada na página.,C:\Users\GabrieldeLima/Downloads\127675_004693_28092023190914.pdf,Tradicional - Bolsa,
SUZANO HOLDING S.A.,SUZANO HOLD,,NEMO,A palavra 'Formulário de Referência - FRE' foi encontrada na página.,C:\Users\GabrieldeLima/Downloads\127679_009067_30092023090917.pdf,Tradicional - Bolsa,
VITTIA S.A.,VITTIA,NM,VITT,A palavra 'Formulário de Referência - FRE' foi encontrada na página.,C:\Users\GabrieldeLima/Downloads\127683_025763_01102023121056.pdf,Novo Mercado,
M.DIAS BRANCO S.A. IND COM DE ALIMENTOS,M.DIASBRANCO,NM,MDIA,A palavra 'Formulário de Referência - FRE' foi encontrada na página.,C:\Users\GabrieldeLima/Downloads\127702_020338_30092023180932.pdf,Novo Mercado,
CIMS S.A.,CIMS,,CMSA,A palavra 'Formulário de Referência - FRE' foi encontrada na página.,C:\Users\GabrieldeLima/Downloads\127709_014818_28092023180909.pdf,Tradicional - Bolsa,
TPI - TRIUNFO PARTICIP. E INVEST. S.A.,TRIUNFO PART,NM,TPIS,A palavra 'Formulário de Referência - FRE' foi encontrada na página.,C:\Users\GabrieldeLima/Downloads\127711_019330_01102023121041.pdf,Novo Mercado,
REDE ENERGIA PARTICIPAÇÕES S.A.,REDE ENERGIA,,REDE,A palavra 'Formulário de Referência - FRE' não foi encontrada na página.,C:\Users\GabrieldeLima/Downloads\127764_003190_02102023091032.pdf,Tradicional - Bolsa,
ATOM EMPREENDIMENTOS E PARTICIPAÇÕES S.A.,ATOMPAR,,ATOM,A palavra 'Formulário de Referência - FRE' foi encontrada na página.,C:\Users\GabrieldeLima/Downloads\127776_015423_28092023120938.pdf,Tradicional - Bolsa,
NORDON INDUSTRIAS METALURGICAS S.A.,NORDON MET,,NORD,A palavra 'Formulário de Referência - FRE' não foi encontrada na página.,C:\Users\GabrieldeLima/Downloads\127809_009083_02102023091031.pdf,Tradicional - Bolsa,
RODOBENS S.A,RODOBENS,,RBNS,A palavra 'Formulário de Referência - FRE' não foi encontrada na página.,C:\Users\GabrieldeLima/Downloads\127811_025801_02102023091050.pdf,Tradicional - Bolsa,
CONC SIST ANHANG-BANDEIRANT S.A. AUTOBAN,AUTOBAN,,ANHB,A palavra 'Formulário de Referência - FRE' foi encontrada na página.,C:\Users\GabrieldeLima/Downloads\127812_020192_28092023190912.pdf,Tradicional - Bolsa,
HYPERA S.A.,HYPERA,NM,HYPE,A palavra 'Formulário de Referência - FRE' foi encontrada na página.,C:\Users\GabrieldeLima/Downloads\127836_021431_30092023170939.pdf,Novo Mercado,
CIA INDUSTRIAL CATAGUASES,IND CATAGUAS,,CATA,A palavra 'Formulário de Referência - FRE' foi encontrada na página.,C:\Users\GabrieldeLima/Downloads\127854_003395_28092023180941.pdf,Tradicional - Bolsa,
SONDOTECNICA ENGENHARIA SOLOS S.A.,SONDOTECNICA,,SOND,A palavra 'Formulário de Referência - FRE' foi encontrada na página.,C:\Users\GabrieldeLima/Downloads\127857_010880_29092023180958.pdf,Tradicional - Bolsa,
MAGAZINE LUIZA S.A.,MAGAZ LUIZA,NM,MGLU,A palavra 'Formulário de Referência - FRE' foi encontrada na página.,C:\Users\GabrieldeLima/Downloads\127872_022470_30092023180948.pdf,Novo Mercado,
CONC RODOVIAS DO TIETÊ S.A.,ROD TIETE,,RDVT,A palavra 'Formulário de Referência - FRE' foi encontrada na página.,C:\Users\GabrieldeLima/Downloads\127878_022721_28092023190905.pdf,Tradicional - Bolsa,
CONC ROD.OESTE SP VIAOESTE S.A,VIAOESTE,,VOES,A palavra 'Formulário de Referência - FRE' foi encontrada na página.,C:\Users\GabrieldeLima/Downloads\127886_021024_28092023180951.pdf,Tradicional - Bolsa,
CIA MELHORAMENTOS DE SAO PAULO,MELHOR SP,,MSPA,A palavra 'Formulário de Referência - FRE' foi encontrada na página.,C:\Users\GabrieldeLima/Downloads\127907_003654_28092023180958.pdf,Tradicional - Bolsa,
MUNDIAL S.A. - PRODUTOS DE CONSUMO,MUNDIAL,,MNDL,A palavra 'Formulário de Referência - FRE' não foi encontrada na página.,C:\Users\GabrieldeLima/Downloads\127933_005312_02102023091024.pdf,Tradicional - Bolsa,
CSN MINERAÇÃO S.A.,CSNMINERACAO,N2,CMIN,A palavra 'Formulário de Referência - FRE' foi encontrada na página.,C:\Users\GabrieldeLima/Downloads\127943_025585_30092023100919.pdf,Nível 2 de Governança Corporativa,
HELBOR EMPREENDIMENTOS S.A.,HELBOR,NM,HBOR,A palavra 'Formulário de Referência - FRE' foi encontrada na página.,C:\Users\GabrieldeLima/Downloads\127947_020877_30092023170934.pdf,Novo Mercado,
NATURA COSMETICOS S.A.,NATURA,,NATU,A palavra 'Formulário de Referência - FRE' não foi encontrada na página.,C:\Users\GabrieldeLima/Downloads\127951_019550_02102023091053.pdf,Tradicional - Bolsa,
EXCELSIOR ALIMENTOS S.A.,EXCELSIOR,,BAUH,A palavra 'Formulário de Referência - FRE' foi encontrada na página.,C:\Users\GabrieldeLima/Downloads\127953_001570_29092023120941.pdf,Tradicional - Bolsa,
MINUPAR PARTICIPACOES S.A.,MINUPAR,,MNPR,A palavra 'Formulário de Referência - FRE' não foi encontrada na página.,C:\Users\GabrieldeLima/Downloads\127957_013765_02102023091004.pdf,Tradicional - Bolsa,
ELETROPAULO METROP. ELET. SAO PAULO S.A.,ELETROPAULO,,ELPL,A palavra 'Formulário de Referência - FRE' foi encontrada na página.,C:\Users\GabrieldeLima/Downloads\127960_014176_29092023120906.pdf,Tradicional - Bolsa,
RODOVIAS DAS COLINAS S.A.,ROD COLINAS,,COLN,A palavra 'Formulário de Referência - FRE' não foi encontrada na página.,C:\Users\GabrieldeLima/Downloads\127964_023167_02102023091021.pdf,Tradicional - Bolsa,
PLANO & PLANO DESENVOLVIMENTO IMOBILIÁRIO S.A.,PLANOEPLANO,NM,PLPL,A palavra 'Formulário de Referência - FRE' foi encontrada na página.,C:\Users\GabrieldeLima/Downloads\128001_025070_01102023211052.pdf,Novo Mercado,
RIO PARANAPANEMA ENERGIA S.A.,GER PARANAP,,GEPA,A palavra 'Formulário de Referência - FRE' não foi encontrada na página.,C:\Users\GabrieldeLima/Downloads\128009_018368_02102023091041.pdf,Tradicional - Bolsa,
WLM PART. E COMÉRCIO DE MÁQUINAS E VEÍCULOS S.A.,WLM IND COM,,WLMM,A palavra 'Formulário de Referência - FRE' foi encontrada na página.,C:\Users\GabrieldeLima/Downloads\128031_011070_29092023190930.pdf,Tradicional - Bolsa,
ITAUSA S.A.,ITAUSA,N1,ITSA,A palavra 'Formulário de Referência - FRE' foi encontrada na página.,C:\Users\GabrieldeLima/Downloads\128032_007617_30092023120954.pdf,Nível 1 de Governança Corporativa,
CIA ESTADUAL DE GERAÇÃO DE ENERGIA ELÉTRICA-CEEE-G,CEEE-G,,CGEE,A palavra 'Formulário de Referência - FRE' foi encontrada na página.,C:\Users\GabrieldeLima/Downloads\128037_027154_28092023170916.pdf,Tradicional - Bolsa,
IRANI PAPEL E EMBALAGEM S.A.,IRANI,NM,RANI,A palavra 'Formulário de Referência - FRE' foi encontrada na página.,C:\Users\GabrieldeLima/Downloads\128070_002429_30092023170913.pdf,Novo Mercado,
BR MALLS PARTICIPACOES S.A.,BR MALLS PAR,,BRML,A palavra 'Formulário de Referência - FRE' foi encontrada na página.,C:\Users\GabrieldeLima/Downloads\128110_019909_28092023170946.pdf,Tradicional - Bolsa,
NEOGRID PARTICIPACOES S.A.,NEOGRID,NM,NGRD,A palavra 'Formulário de Referência - FRE' foi encontrada na página.,C:\Users\GabrieldeLima/Downloads\128132_025399_01102023101054.pdf,Novo Mercado,
LOCAMERICA RENT A CAR S.A.,UNIDAS,,UNID,A palavra 'Formulário de Referência - FRE' foi encontrada na página.,C:\Users\GabrieldeLima/Downloads\128138_021555_29092023170932.pdf,Tradicional - Bolsa,
UNIDAS LOCAÇÕES E SERVIÇOS S/A,OURO VERDE,,OVSA,A palavra 'Formulário de Referência - FRE' foi encontrada na página.,C:\Users\GabrieldeLima/Downloads\128138_021555_29092023190927.pdf,Tradicional - Bolsa,
ALTERE SECURITIZADORA S.A.,ALTERE SEC,,ALTR,A palavra 'Formulário de Referência - FRE' foi encontrada na página.,C:\Users\GabrieldeLima/Downloads\128149_018066_28092023120915.pdf,Tradicional - Bolsa,
IGUATEMI EMPRESA DE SHOPPING CENTERS S.A,IGUATEMI,,IGTA,A palavra 'Formulário de Referência - FRE' foi encontrada na página.,C:\Users\GabrieldeLima/Downloads\128182_020494_29092023150909.pdf,Tradicional - Bolsa,
MULTILASER INDUSTRIAL S.A.,MULTILASER,NM,MLAS,A palavra 'Formulário de Referência - FRE' foi encontrada na página.,C:\Users\GabrieldeLima/Downloads\128193_026034_01102023101030.pdf,Novo Mercado,
COMPASS GAS E ENERGIA S.A.,COMPASS,,PASS,A palavra 'Formulário de Referência - FRE' foi encontrada na página.,C:\Users\GabrieldeLima/Downloads\128196_025127_28092023180941.pdf,Tradicional - Bolsa,
SALUS INFRAESTRUTURA PORTUARIA SA,SALUS INFRA,,SAIP,A palavra 'Formulário de Referência - FRE' não foi encontrada na página.,C:\Users\GabrieldeLima/Downloads\128202_023540_02102023091044.pdf,Tradicional - Bolsa,
PDG COMPANHIA SECURITIZADORA,PDG SECURIT,,PDGS,A palavra 'Formulário de Referência - FRE' não foi encontrada na página.,C:\Users\GabrieldeLima/Downloads\128207_021644_02102023091057.pdf,Tradicional - Bolsa,
WEG S.A.,WEG,NM,WEGE,A palavra 'Formulário de Referência - FRE' foi encontrada na página.,C:\Users\GabrieldeLima/Downloads\128217_005410_01102023131026.pdf,Novo Mercado,
NORTEC QUÍMICA S.A.,NORTCQUIMICA,,NRTQ,A palavra 'Formulário de Referência - FRE' não foi encontrada na página.,C:\Users\GabrieldeLima/Downloads\128218_022985_02102023091010.pdf,Tradicional - Bolsa,
EDP ESPIRITO SANTO DISTRIBUIÇÃO DE ENERGIA S.A.,ESCELSA,,ESCE,A palavra 'Formulário de Referência - FRE' foi encontrada na página.,C:\Users\GabrieldeLima/Downloads\128259_015342_29092023120932.pdf,Tradicional - Bolsa,
EDP SÃO PAULO DISTRIBUIÇÃO DE ENERGIA S.A.,EBE,,EBEN,A palavra 'Formulário de Referência - FRE' foi encontrada na página.,C:\Users\GabrieldeLima/Downloads\128285_016985_29092023120954.pdf,Tradicional - Bolsa,
J. MACEDO S.A.,J.MACEDO,,JMCD,A palavra 'Formulário de Referência - FRE' foi encontrada na página.,C:\Users\GabrieldeLima/Downloads\128320_021156_29092023170904.pdf,Tradicional - Bolsa,
CONC AUTO RAPOSO TAVARES S.A.,CONC RAPOSO,,RPTA,A palavra 'Formulário de Referência - FRE' foi encontrada na página.,C:\Users\GabrieldeLima/Downloads\128332_022268_28092023180901.pdf,Tradicional - Bolsa,
CIA GAS DE SAO PAULO - COMGAS,COMGAS,,CGAS,A palavra 'Formulário de Referência - FRE' foi encontrada na página.,C:\Users\GabrieldeLima/Downloads\128362_015636_28092023180943.pdf,Tradicional - Bolsa,
ALLPARK EMPREENDIMENTOS PARTICIPACOES SERVICOS S.A,ESTAPAR,NM,ALPK,A palavra 'Formulário de Referência - FRE' foi encontrada na página.,C:\Users\GabrieldeLima/Downloads\128378_024953_30092023130952.pdf,Novo Mercado,
ENERGISA MATO GROSSO-DISTRIBUIDORA DE ENERGIA S/A,ENERGISA MT,,ENMT,A palavra 'Formulário de Referência - FRE' foi encontrada na página.,C:\Users\GabrieldeLima/Downloads\128409_005576_29092023120922 (1).pdf,Tradicional - Bolsa,
ENERGISA MATO GROSSO DO SUL - DIST DE ENERGIA S.A.,ENERSUL,,ENER,A palavra 'Formulário de Referência - FRE' foi encontrada na página.,C:\Users\GabrieldeLima/Downloads\128409_005576_29092023120922.pdf,Tradicional - Bolsa,
TREVISA INVESTIMENTOS S.A.,TREVISA,,LUXM,A palavra 'Formulário de Referência - FRE' foi encontrada na página.,C:\Users\GabrieldeLima/Downloads\128424_008192_29092023190909.pdf,Tradicional - Bolsa,
GRUPO MATEUS S.A.,GRUPO MATEUS,NM,GMAT,A palavra 'Formulário de Referência - FRE' foi encontrada na página.,C:\Users\GabrieldeLima/Downloads\128437_025186_01102023211022.pdf,Novo Mercado,
CIA HABITASUL DE PARTICIPACOES,HABITASUL,,HBTS,A palavra 'Formulário de Referência - FRE' foi encontrada na página.,C:\Users\GabrieldeLima/Downloads\128483_003298_28092023180935.pdf,Tradicional - Bolsa,
ALUPAR INVESTIMENTO S/A,ALUPAR,N2,ALUP,A palavra 'Formulário de Referência - FRE' foi encontrada na página.,C:\Users\GabrieldeLima/Downloads\128490_021490_30092023100932.pdf,Nível 2 de Governança Corporativa,
CIA SIDERURGICA NACIONAL,SID NACIONAL,,CSNA,A palavra 'Formulário de Referência - FRE' foi encontrada na página.,C:\Users\GabrieldeLima/Downloads\128495_004030_30092023090947.pdf,Tradicional - Bolsa,
T4F ENTRETENIMENTO S.A.,TIME FOR FUN,NM,SHOW,A palavra 'Formulário de Referência - FRE' foi encontrada na página.,C:\Users\GabrieldeLima/Downloads\128556_022454_01102023211020.pdf,Novo Mercado,
EQUATORIAL PARA DISTRIBUIDORA DE ENERGIA S.A.,EQTL PARA,,EQPA,A palavra 'Formulário de Referência - FRE' foi encontrada na página.,C:\Users\GabrieldeLima/Downloads\128580_018309_29092023120939.pdf,Tradicional - Bolsa,
CONSTRUTORA ADOLPHO LINDENBERG S.A.,CONST A LIND,,CALI,A palavra 'Formulário de Referência - FRE' foi encontrada na página.,C:\Users\GabrieldeLima/Downloads\128590_004723_28092023190918.pdf,Tradicional - Bolsa,
KARSTEN S.A.,KARSTEN,,CTKA,A palavra 'Formulário de Referência - FRE' foi encontrada na página.,C:\Users\GabrieldeLima/Downloads\128601_004146_29092023170929.pdf,Tradicional - Bolsa,
MANUFATURA DE BRINQUEDOS ESTRELA S.A.,ESTRELA,,ESTR,A palavra 'Formulário de Referência - FRE' foi encontrada na página.,C:\Users\GabrieldeLima/Downloads\128610_008427_29092023170939.pdf,Tradicional - Bolsa,
CEA MODAS S.A.,CEA MODAS,NM,CEAB,A palavra 'Formulário de Referência - FRE' foi encontrada na página.,C:\Users\GabrieldeLima/Downloads\128627_024848_30092023140936.pdf,Novo Mercado,
INTELBRAS S.A. IND DE TELEC ELETRONICA BRASILEIRA,INTELBRAS,NM,INTB,A palavra 'Formulário de Referência - FRE' foi encontrada na página.,C:\Users\GabrieldeLima/Downloads\128628_025453_30092023170949.pdf,Novo Mercado,
HAGA S.A. INDUSTRIA E COMERCIO,HAGA S/A,,HAGA,A palavra 'Formulário de Referência - FRE' foi encontrada na página.,C:\Users\GabrieldeLima/Downloads\128639_013366_29092023150952.pdf,Tradicional - Bolsa,
YBYRÁ CAPITAL S.A.,YBYRA S/A,,YBRA,A palavra 'Formulário de Referência - FRE' foi encontrada na página.,C:\Users\GabrieldeLima/Downloads\128640_016705_29092023190901.pdf,Tradicional - Bolsa,
ECORODOVIAS CONCESSÕES E SERVIÇOS S.A.,ECON,,ERDV,A palavra 'Formulário de Referência - FRE' foi encontrada na página.,C:\Users\GabrieldeLima/Downloads\128652_021903_28092023190914.pdf,Tradicional - Bolsa,
SCHULZ S.A.,SCHULZ,,SHUL,A palavra 'Formulário de Referência - FRE' foi encontrada na página.,C:\Users\GabrieldeLima/Downloads\128673_014664_29092023180945.pdf,Tradicional - Bolsa,
DM FINANCEIRA S.A. - CRÉDITO. FINANC E INVEST,DMFINANCEIRA,,DMFN,A palavra 'Formulário de Referência - FRE' foi encontrada na página.,C:\Users\GabrieldeLima/Downloads\128679_006076_28092023190955.pdf,Tradicional - Bolsa,
WHIRLPOOL S.A.,WHIRLPOOL,,WHRL,A palavra 'Formulário de Referência - FRE' foi encontrada na página.,C:\Users\GabrieldeLima/Downloads\128702_014346_30092023090910.pdf,Tradicional - Bolsa,
METALURGICA RIOSULENSE S.A.,RIOSULENSE,,RSUL,A palavra 'Formulário de Referência - FRE' foi encontrada na página.,C:\Users\GabrieldeLima/Downloads\128726_013439_29092023170948.pdf,Tradicional - Bolsa,
LOG-IN LOGISTICA INTERMODAL S.A.,LOG-IN,NM,LOGN,A palavra 'Formulário de Referência - FRE' foi encontrada na página.,C:\Users\GabrieldeLima/Downloads\128729_020710_30092023180910.pdf,Novo Mercado,
VAMOS LOCAÇÃO DE CAMINHÕES. MÁQUINAS E EQUIP. S.A.,VAMOS,NM,VAMO,A palavra 'Formulário de Referência - FRE' foi encontrada na página.,C:\Users\GabrieldeLima/Downloads\128770_024716_01102023121020.pdf,Novo Mercado,
METALFRIO SOLUTIONS S.A.,METALFRIO,NM,FRIO,A palavra 'Formulário de Referência - FRE' foi encontrada na página.,C:\Users\GabrieldeLima/Downloads\128775_020613_30092023190908.pdf,Novo Mercado,
FERROVIA CENTRO-ATLANTICA S.A.,FER C ATLANT,,VSPT,A palavra 'Formulário de Referência - FRE' foi encontrada na página.,C:\Users\GabrieldeLima/Downloads\128778_015369_29092023120943.pdf,Tradicional - Bolsa,
ETERNIT S.A.,ETERNIT,NM,ETER,A palavra 'Formulário de Referência - FRE' foi encontrada na página.,C:\Users\GabrieldeLima/Downloads\128805_005762_30092023160925.pdf,Novo Mercado,
IOCHPE MAXION S.A.,IOCHP-MAXION,NM,MYPK,A palavra 'Formulário de Referência - FRE' foi encontrada na página.,C:\Users\GabrieldeLima/Downloads\128821_011932_30092023170920.pdf,Novo Mercado,
ROSSI RESIDENCIAL S.A.,ROSSI RESID,NM,RSID,A palavra 'Formulário de Referência - FRE' foi encontrada na página.,C:\Users\GabrieldeLima/Downloads\128822_016306_01102023111043.pdf,Novo Mercado,
AMERICANAS S.A,AMERICANAS,NM,AMER,A palavra 'Formulário de Referência - FRE' foi encontrada na página.,C:\Users\GabrieldeLima/Downloads\128832_020990_30092023140930.pdf,Novo Mercado,
CIA ENERGETICA DO RIO GDE NORTE - COSERN,COSERN,,CSRN,A palavra 'Formulário de Referência - FRE' foi encontrada na página.,C:\Users\GabrieldeLima/Downloads\128872_018139_28092023170918.pdf,Tradicional - Bolsa,
CAMIL ALIMENTOS S.A.,CAMIL,NM,CAML,A palavra 'Formulário de Referência - FRE' foi encontrada na página.,C:\Users\GabrieldeLima/Downloads\128875_024228_30092023140945.pdf,Novo Mercado,
LOG COMMERCIAL PROPERTIES,LOG COM PROP,NM,LOGG,A palavra 'Formulário de Referência - FRE' foi encontrada na página.,C:\Users\GabrieldeLima/Downloads\128918_023272_30092023180952.pdf,Novo Mercado,
DEXXOS PARTICIPACOES S.A.,DEXXOS PAR,N1,DEXP,A palavra 'Formulário de Referência - FRE' foi encontrada na página.,C:\Users\GabrieldeLima/Downloads\128920_016632_30092023120917.pdf,Nível 1 de Governança Corporativa,
AES BRASIL OPERAÇÕES S.A.,AESOPERACOES,,AESO,A palavra 'Formulário de Referência - FRE' foi encontrada na página.,C:\Users\GabrieldeLima/Downloads\128936_026174_28092023110906.pdf,Tradicional - Bolsa,
CIA ENERGETICA DE BRASILIA,CEB,,CEBR,A palavra 'Formulário de Referência - FRE' foi encontrada na página.,C:\Users\GabrieldeLima/Downloads\128938_014451_28092023170900.pdf,Tradicional - Bolsa,
RAIZEN ENERGIA S.A.,RAIZEN ENERG,,RESA,A palavra 'Formulário de Referência - FRE' não foi encontrada na página.,C:\Users\GabrieldeLima/Downloads\128940_023230_02102023091015.pdf,Tradicional - Bolsa,
TAURUS ARMAS S.A.,TAURUS ARMAS,N2,TASA,A palavra 'Formulário de Referência - FRE' foi encontrada na página.,C:\Users\GabrieldeLima/Downloads\128946_006173_30092023110921.pdf,Nível 2 de Governança Corporativa,
SER EDUCACIONAL S.A.,SER EDUCA,NM,SEER,A palavra 'Formulário de Referência - FRE' foi encontrada na página.,C:\Users\GabrieldeLima/Downloads\128964_023221_01102023111035.pdf,Novo Mercado,
MILLS LOCAÇÃO. SERVIÇOS E LOGÍSTICA S.A,MILLS,NM,MILS,A palavra 'Formulário de Referência - FRE' foi encontrada na página.,C:\Users\GabrieldeLima/Downloads\128967_022012_01102023211020.pdf,Novo Mercado,
EMBRAER S.A.,EMBRAER,NM,EMBR,A palavra 'Formulário de Referência - FRE' foi encontrada na página.,C:\Users\GabrieldeLima/Downloads\128973_020087_30092023160938.pdf,Novo Mercado,
FINANCEIRA ALFA S.A.- CRED FINANC E INVS,ALFA FINANC,,CRIV,A palavra 'Formulário de Referência - FRE' foi encontrada na página.,C:\Users\GabrieldeLima/Downloads\128979_003891_29092023130902.pdf,Tradicional - Bolsa,
GAIA IMPACTO SECURITIZADORA S.A.,GAIA AGRO,,GAFL,A palavra 'Formulário de Referência - FRE' foi encontrada na página.,C:\Users\GabrieldeLima/Downloads\128979_003891_29092023130902.pdf,Tradicional - Bolsa,
PARANA BCO S.A.,PARANA,,PRBC,A palavra 'Formulário de Referência - FRE' não foi encontrada na página.,C:\Users\GabrieldeLima/Downloads\128980_020729_02102023091034.pdf,Tradicional - Bolsa,
WILSON SONS HOLDINGS BRASIL S.A.,WILSON SONS,NM,PORT,A palavra 'Formulário de Referência - FRE' foi encontrada na página.,C:\Users\GabrieldeLima/Downloads\128992_013773_01102023131000.pdf,Novo Mercado,
PBG S/A,PORTOBELLO,NM,PTBL,A palavra 'Formulário de Referência - FRE' foi encontrada na página.,C:\Users\GabrieldeLima/Downloads\128992_013773_01102023211041.pdf,Novo Mercado,
EMAE - EMPRESA METROP.AGUAS ENERGIA S.A.,EMAE,,EMAE,A palavra 'Formulário de Referência - FRE' foi encontrada na página.,C:\Users\GabrieldeLima/Downloads\129012_016993_29092023120909.pdf,Tradicional - Bolsa,
BRADESPAR S.A.,BRADESPAR,N1,BRAP,A palavra 'Formulário de Referência - FRE' foi encontrada na página.,C:\Users\GabrieldeLima/Downloads\129027_018724_30092023110930.pdf,Nível 1 de Governança Corporativa,
DIMED S.A. DISTRIBUIDORA DE MEDICAMENTOS,DIMED,NM,PNVL,A palavra 'Formulário de Referência - FRE' foi encontrada na página.,C:\Users\GabrieldeLima/Downloads\129037_009342_30092023160937.pdf,Novo Mercado,
CIA ENERGETICA DO CEARA - COELCE,COELCE,,COCE,A palavra 'Formulário de Referência - FRE' foi encontrada na página.,C:\Users\GabrieldeLima/Downloads\129050_014869_28092023170910.pdf,Tradicional - Bolsa,
PORTO SUDESTE V.M. S.A.,PORTO VM,,PSVM,A palavra 'Formulário de Referência - FRE' não foi encontrada na página.,C:\Users\GabrieldeLima/Downloads\129051_023523_02102023091016.pdf,Tradicional - Bolsa,
EMBPAR PARTICIPACOES S.A.,EMBPAR S/A,,EPAR,A palavra 'Formulário de Referência - FRE' foi encontrada na página.,C:\Users\GabrieldeLima/Downloads\129056_015458_29092023120911.pdf,Tradicional - Bolsa,
RECRUSUL S.A.,RECRUSUL,,RCSL,A palavra 'Formulário de Referência - FRE' não foi encontrada na página.,C:\Users\GabrieldeLima/Downloads\129072_012572_02102023091055.pdf,Tradicional - Bolsa,
CPFL ENERGIA S.A.,CPFL ENERGIA,NM,CPFE,A palavra 'Formulário de Referência - FRE' foi encontrada na página.,C:\Users\GabrieldeLima/Downloads\129082_018660_30092023150954.pdf,Novo Mercado,
CPFL ENERGIAS RENOVÁVEIS S.A.,CPFL RENOVAV,,CPRE,A palavra 'Formulário de Referência - FRE' foi encontrada na página.,C:\Users\GabrieldeLima/Downloads\129083_020540_28092023190930.pdf,Tradicional - Bolsa,
CPFL GERACAO DE ENERGIA S.A.,CPFL GERACAO,,CPFG,A palavra 'Formulário de Referência - FRE' foi encontrada na página.,C:\Users\GabrieldeLima/Downloads\129085_018953_28092023190936.pdf,Tradicional - Bolsa,
RGE SUL DISTRIBUIDORA DE ENERGIA S.A.,AES SUL,,AESL,A palavra 'Formulário de Referência - FRE' não foi encontrada na página.,C:\Users\GabrieldeLima/Downloads\129086_016527_02102023091038.pdf,Tradicional - Bolsa,
CIA PAULISTA DE FORCA E LUZ,PAUL F LUZ,,PALF,A palavra 'Formulário de Referência - FRE' foi encontrada na página.,C:\Users\GabrieldeLima/Downloads\129089_003824_28092023180954.pdf,Tradicional - Bolsa,
CIA PIRATININGA DE FORCA E LUZ,CPFL PIRATIN,,CPFP,A palavra 'Formulário de Referência - FRE' foi encontrada na página.,C:\Users\GabrieldeLima/Downloads\129090_019275_28092023180959.pdf,Tradicional - Bolsa,
HERCULES S.A. FABRICA DE TALHERES,HERCULES,,HETA,A palavra 'Formulário de Referência - FRE' foi encontrada na página.,C:\Users\GabrieldeLima/Downloads\129093_006629_29092023150949.pdf,Tradicional - Bolsa,
CONC ROTA DAS BANDEIRAS S.A.,RT BANDEIRAS,,CRBD,A palavra 'Formulário de Referência - FRE' foi encontrada na página.,C:\Users\GabrieldeLima/Downloads\129110_022071_28092023190903.pdf,Tradicional - Bolsa,
CIA FIACAO TECIDOS CEDRO CACHOEIRA,CEDRO,N1,CEDO,A palavra 'Formulário de Referência - FRE' foi encontrada na página.,C:\Users\GabrieldeLima/Downloads\129133_003077_30092023120906.pdf,Nível 1 de Governança Corporativa,
EMPREENDIMENTOS PAGUE MENOS S.A.,PAGUE MENOS,NM,PGMN,A palavra 'Formulário de Referência - FRE' foi encontrada na página.,C:\Users\GabrieldeLima/Downloads\129137_022608_30092023160957.pdf,Novo Mercado,
BRADESCO LEASING S.A. ARREND MERCANTIL,BRADESCO LSG,,BDLS,A palavra 'Formulário de Referência - FRE' foi encontrada na página.,C:\Users\GabrieldeLima/Downloads\129162_019640_28092023170948.pdf,Tradicional - Bolsa,
HMOBI PARTICIPAÇÕES S.A.,HMOBI S.A,,HMOB,A palavra 'Formulário de Referência - FRE' foi encontrada na página.,C:\Users\GabrieldeLima/Downloads\129168_025674_29092023150901.pdf,Tradicional - Bolsa,
VALID SOLUÇÕES S.A.,VALID,NM,VLID,A palavra 'Formulário de Referência - FRE' foi encontrada na página.,C:\Users\GabrieldeLima/Downloads\129174_020028_01102023121022.pdf,Novo Mercado,
CIA ESTADUAL DE TRANSMISSÃO DE ENER. ELET-CEEE-T,CEEE-T,,EEEL,A palavra 'Formulário de Referência - FRE' foi encontrada na página.,C:\Users\GabrieldeLima/Downloads\129217_003204_28092023180920.pdf,Tradicional - Bolsa,
LIGHT SERVICOS DE ELETRICIDADE S.A.,LIGHT,,LIGH,A palavra 'Formulário de Referência - FRE' foi encontrada na página.,C:\Users\GabrieldeLima/Downloads\129218_008036_30092023090933.pdf,Tradicional - Bolsa,
CSU DIGITAL S.A.,CSU DIGITAL,NM,CSUD,A palavra 'Formulário de Referência - FRE' foi encontrada na página.,C:\Users\GabrieldeLima/Downloads\129222_020044_30092023150905.pdf,Novo Mercado,
EDP - ENERGIAS DO BRASIL S.A.,ENERGIAS BR,,ENBR,A palavra 'Formulário de Referência - FRE' foi encontrada na página.,C:\Users\GabrieldeLima/Downloads\129240_019763_28092023190928.pdf,Tradicional - Bolsa,
FICA EMPREENDIMENTOS IMOBILIÁRIOS S.A,FICA,,FIEI,A palavra 'Formulário de Referência - FRE' foi encontrada na página.,C:\Users\GabrieldeLima/Downloads\129241_020630_29092023120946.pdf,Tradicional - Bolsa,
TRONOX PIGMENTOS DO BRASIL S.A.,CRISTAL,,CRPG,A palavra 'Formulário de Referência - FRE' foi encontrada na página.,C:\Users\GabrieldeLima/Downloads\129246_011398_30092023090952.pdf,Tradicional - Bolsa,
LIGHT S.A.,LIGHT S/A,NM,LIGT,A palavra 'Formulário de Referência - FRE' foi encontrada na página.,C:\Users\GabrieldeLima/Downloads\129402_019879_30092023180934.pdf,Novo Mercado,
BCO BTG PACTUAL S.A.,BTGP BANCO,N2,BPAC,A palavra 'Formulário de Referência - FRE' foi encontrada na página.,C:\Users\GabrieldeLima/Downloads\129583_022616_30092023100940.pdf,Nível 2 de Governança Corporativa,
OSX BRASIL S.A.,OSX BRASIL,NM,OSXB,A palavra 'Formulário de Referência - FRE' foi encontrada na página.,C:\Users\GabrieldeLima/Downloads\129605_021342_01102023211004.pdf,Novo Mercado,
LAVVI EMPREENDIMENTOS IMOBILIÁRIOS S.A.,LAVVI,NM,LAVV,A palavra 'Formulário de Referência - FRE' foi encontrada na página.,C:\Users\GabrieldeLima/Downloads\129685_025062_30092023180912.pdf,Novo Mercado,
CIA ELETRICIDADE EST. DA BAHIA - COELBA,COELBA,,CEEB,A palavra 'Formulário de Referência - FRE' foi encontrada na página.,C:\Users\GabrieldeLima/Downloads\129710_014524_28092023170956.pdf,Tradicional - Bolsa,
FRAS-LE S.A.,FRAS-LE,N1,FRAS,A palavra 'Formulário de Referência - FRE' foi encontrada na página.,C:\Users\GabrieldeLima/Downloads\129732_006211_30092023120950.pdf,Nível 1 de Governança Corporativa,
SIDERURGICA J. L. ALIPERTI S.A.,ALIPERTI,,APTI,A palavra 'Formulário de Referência - FRE' foi encontrada na página.,C:\Users\GabrieldeLima/Downloads\129749_012823_29092023180955.pdf,Tradicional - Bolsa,
AUREN ENERGIA S.A.,AUREN,NM,AURE,A palavra 'Formulário de Referência - FRE' foi encontrada na página.,C:\Users\GabrieldeLima/Downloads\129754_026620_30092023140905.pdf,Novo Mercado,
CIA BRASILEIRA DE DISTRIBUICAO,P.ACUCAR-CBD,NM,PCAR,A palavra 'Formulário de Referência - FRE' foi encontrada na página.,C:\Users\GabrieldeLima/Downloads\129763_014826_30092023150901.pdf,Novo Mercado,
DIBENS LEASING S.A. - ARREND.MERCANTIL,DIBENS LSG,,DBEN,A palavra 'Formulário de Referência - FRE' foi encontrada na página.,C:\Users\GabrieldeLima/Downloads\129774_014214_28092023190951.pdf,Tradicional - Bolsa,
INVESTIMENTOS BEMGE S.A.,INVEST BEMGE,,FIGE,A palavra 'Formulário de Referência - FRE' foi encontrada na página.,C:\Users\GabrieldeLima/Downloads\129775_006041_29092023150908.pdf,Tradicional - Bolsa,
SAO MARTINHO S.A.,SAO MARTINHO,NM,SMTO,A palavra 'Formulário de Referência - FRE' foi encontrada na página.,C:\Users\GabrieldeLima/Downloads\129782_020516_01102023211027.pdf,Novo Mercado,
JALLES MACHADO S.A.,JALLESMACHAD,NM,JALL,A palavra 'Formulário de Referência - FRE' foi encontrada na página.,C:\Users\GabrieldeLima/Downloads\129807_025496_30092023180957.pdf,Novo Mercado,
PLASCAR PARTICIPACOES INDUSTRIAIS S.A.,PLASCAR PART,,PLAS,A palavra 'Formulário de Referência - FRE' não foi encontrada na página.,C:\Users\GabrieldeLima/Downloads\129859_013471_02102023091014.pdf,Tradicional - Bolsa,
MARISA LOJAS S.A.,LOJAS MARISA,NM,AMAR,A palavra 'Formulário de Referência - FRE' foi encontrada na página.,C:\Users\GabrieldeLima/Downloads\129880_022055_30092023190903.pdf,Novo Mercado,
TIM S.A.,TIM,NM,TIMS,A palavra 'Formulário de Referência - FRE' foi encontrada na página.,C:\Users\GabrieldeLima/Downloads\129892_024929_01102023121023.pdf,Novo Mercado,
PETTENATI S.A. INDUSTRIA TEXTIL,PETTENATI,,PTNT,A palavra 'Formulário de Referência - FRE' não foi encontrada na página.,C:\Users\GabrieldeLima/Downloads\129940_009539_02102023091040.pdf,Tradicional - Bolsa,
COGNA EDUCAÇÃO S.A.,COGNA ON,NM,COGN,A palavra 'Formulário de Referência - FRE' foi encontrada na página.,C:\Users\GabrieldeLima/Downloads\129942_017973_30092023150934.pdf,Novo Mercado,
VIVARA PARTICIPAÇOES S.A,VIVARA S.A.,NM,VIVA,A palavra 'Formulário de Referência - FRE' foi encontrada na página.,C:\Users\GabrieldeLima/Downloads\129954_024805_01102023121049.pdf,Novo Mercado,
MARCOPOLO S.A.,MARCOPOLO,N2,POMO,A palavra 'Formulário de Referência - FRE' foi encontrada na página.,C:\Users\GabrieldeLima/Downloads\129963_008451_30092023100923.pdf,Nível 2 de Governança Corporativa,
ARMAC LOCAÇÃO. LOGÍSTICA E SERVIÇOS S.A.,ARMAC,NM,ARML,A palavra 'Formulário de Referência - FRE' foi encontrada na página.,C:\Users\GabrieldeLima/Downloads\130071_026069_30092023140937.pdf,Novo Mercado,
LOJAS RENNER S.A.,LOJAS RENNER,NM,LREN,A palavra 'Formulário de Referência - FRE' foi encontrada na página.,C:\Users\GabrieldeLima/Downloads\130114_008133_30092023180923.pdf,Novo Mercado,
MPM CORPÓREOS S.A.,ESPACOLASER,NM,ESPA,A palavra 'Formulário de Referência - FRE' foi encontrada na página.,C:\Users\GabrieldeLima/Downloads\130231_025445_01102023211037.pdf,Novo Mercado,
HOSPITAL MATER DEI S/A,MATER DEI,NM,MATD,A palavra 'Formulário de Referência - FRE' foi encontrada na página.,C:\Users\GabrieldeLima/Downloads\130256_025690_30092023170959.pdf,Novo Mercado,
ENJOEI S.A.,ENJOEI,NM,ENJU,A palavra 'Formulário de Referência - FRE' foi encontrada na página.,C:\Users\GabrieldeLima/Downloads\130301_025259_30092023160918.pdf,Novo Mercado,
DOTZ S.A.,DOTZ SA,NM,DOTZ,A palavra 'Formulário de Referência - FRE' foi encontrada na página.,C:\Users\GabrieldeLima/Downloads\130328_025836_30092023160932.pdf,Novo Mercado,
MOURA DUBEUX ENGENHARIA S/A,MOURA DUBEUX,NM,MDNE,A palavra 'Formulário de Referência - FRE' foi encontrada na página.,C:\Users\GabrieldeLima/Downloads\130409_021067_30092023190941.pdf,Novo Mercado,
UNIPAR CARBOCLORO S.A.,UNIPAR,,UNIP,A palavra 'Formulário de Referência - FRE' foi encontrada na página.,C:\Users\GabrieldeLima/Downloads\130476_011592_29092023190918.pdf,Tradicional - Bolsa,
VERT COMPANHIA SECURITIZADORA,VERTCIASEC,,VERT,A palavra 'Formulário de Referência - FRE' foi encontrada na página.,C:\Users\GabrieldeLima/Downloads\130476_011592_29092023190918.pdf,Tradicional - Bolsa,
SLC AGRICOLA S.A.,SLC AGRICOLA,NM,SLCE,A palavra 'Formulário de Referência - FRE' foi encontrada na página.,C:\Users\GabrieldeLima/Downloads\130477_020745_01102023111058.pdf,Novo Mercado,
METALURGICA GERDAU S.A.,GERDAU MET,N1,GOAU,A palavra 'Formulário de Referência - FRE' foi encontrada na página.,C:\Users\GabrieldeLima/Downloads\130482_008656_30092023120939.pdf,Nível 1 de Governança Corporativa,
GERDAU S.A.,GERDAU,N1,GGBR,A palavra 'Formulário de Referência - FRE' foi encontrada na página.,C:\Users\GabrieldeLima/Downloads\130483_003980_30092023120905.pdf,Nível 1 de Governança Corporativa,
GOL LINHAS AEREAS INTELIGENTES S.A.,GOL,N2,GOLL,A palavra 'Formulário de Referência - FRE' foi encontrada na página.,C:\Users\GabrieldeLima/Downloads\130491_019569_30092023100920.pdf,Nível 2 de Governança Corporativa,
CYRELA BRAZIL REALTY S.A.EMPREEND E PART,CYRELA REALT,NM,CYRE,A palavra 'Formulário de Referência - FRE' foi encontrada na página.,C:\Users\GabrieldeLima/Downloads\130492_014460_30092023150929.pdf,Novo Mercado,
GRUPO SBF SA,GRUPO SBF,NM,SBFG,A palavra 'Formulário de Referência - FRE' foi encontrada na página.,C:\Users\GabrieldeLima/Downloads\130499_024694_30092023170910.pdf,Novo Mercado,
MARFRIG GLOBAL FOODS S.A.,MARFRIG,NM,MRFG,A palavra 'Formulário de Referência - FRE' foi encontrada na página.,C:\Users\GabrieldeLima/Downloads\130514_020788_30092023190904.pdf,Novo Mercado,
CREDITAQUI FINANCEIRA S.A.  CRÉDITO. FINANCIAMENT,MERC FINANC,,MERC,A palavra 'Formulário de Referência - FRE' foi encontrada na página.,C:\Users\GabrieldeLima/Downloads\130531_008540_28092023190941.pdf,Tradicional - Bolsa,
BRISANET PARTICIPAÇÕES S.A.,BRISANET,NM,BRIT,A palavra 'Formulário de Referência - FRE' foi encontrada na página.,C:\Users\GabrieldeLima/Downloads\130533_026085_30092023140917.pdf,Novo Mercado,
RNI NEGÓCIOS IMOBILIÁRIOS S.A.,RNI,NM,RDNI,A palavra 'Formulário de Referência - FRE' foi encontrada na página.,C:\Users\GabrieldeLima/Downloads\130537_020451_01102023111022.pdf,Novo Mercado,
CIA CELG DE PARTICIPACOES - CELGPAR,CELGPAR,,GPAR,A palavra 'Formulário de Referência - FRE' foi encontrada na página.,C:\Users\GabrieldeLima/Downloads\130541_021393_28092023170932.pdf,Tradicional - Bolsa,
VIVER INCORPORADORA E CONSTRUTORA S.A.,VIVER,NM,VIVR,A palavra 'Formulário de Referência - FRE' foi encontrada na página.,C:\Users\GabrieldeLima/Downloads\130544_020702_01102023131014.pdf,Novo Mercado,
DIRECIONAL ENGENHARIA S.A.,DIRECIONAL,NM,DIRR,A palavra 'Formulário de Referência - FRE' foi encontrada na página.,C:\Users\GabrieldeLima/Downloads\130545_021350_30092023160930.pdf,Novo Mercado,
MRV ENGENHARIA E PARTICIPACOES S.A.,MRV,NM,MRVE,A palavra 'Formulário de Referência - FRE' foi encontrada na página.,C:\Users\GabrieldeLima/Downloads\130547_020915_01102023101020.pdf,Novo Mercado,
ALLIANÇA SAÚDE E PARTICIPAÇÕES S.A.,ALLIAR,NM,AALR,A palavra 'Formulário de Referência - FRE' foi encontrada na página.,C:\Users\GabrieldeLima/Downloads\130548_024058_30092023130932.pdf,Novo Mercado,
KEPLER WEBER S.A.,KEPLER WEBER,NM,KEPL,A palavra 'Formulário de Referência - FRE' foi encontrada na página.,C:\Users\GabrieldeLima/Downloads\130549_007870_30092023180954.pdf,Novo Mercado,
YDUQS PARTICIPACOES S.A.,YDUQS PART,NM,YDUQ,A palavra 'Formulário de Referência - FRE' foi encontrada na página.,C:\Users\GabrieldeLima/Downloads\130550_021016_01102023131049.pdf,Novo Mercado,
TOTVS S.A.,TOTVS,NM,TOTS,A palavra 'Formulário de Referência - FRE' foi encontrada na página.,C:\Users\GabrieldeLima/Downloads\130551_019992_01102023121019.pdf,Novo Mercado,
B3 S.A. - BRASIL. BOLSA. BALCÃO,B3,NM,B3SA,A palavra 'Formulário de Referência - FRE' foi encontrada na página.,C:\Users\GabrieldeLima/Downloads\130570_021610_30092023140907.pdf,Novo Mercado,
GPS PARTICIPACOES E EMPREENDIMENTOS S.A.,GPS,NM,GGPS,A palavra 'Formulário de Referência - FRE' foi encontrada na página.,C:\Users\GabrieldeLima/Downloads\130571_025712_30092023170919.pdf,Novo Mercado,
RAIZEN S.A.,RAIZEN,N2,RAIZ,A palavra 'Formulário de Referência - FRE' foi encontrada na página.,C:\Users\GabrieldeLima/Downloads\130598_025917_30092023110914.pdf,Nível 2 de Governança Corporativa,
COSAN S.A.,COSAN,NM,CSAN,A palavra 'Formulário de Referência - FRE' foi encontrada na página.,C:\Users\GabrieldeLima/Downloads\130618_019836_30092023150914.pdf,Novo Mercado,
SANTO ANTONIO ENERGIA S.A.,STO ANTONIO,,STEN,A palavra 'Formulário de Referência - FRE' foi encontrada na página.,C:\Users\GabrieldeLima/Downloads\130622_023388_29092023180954.pdf,Tradicional - Bolsa,
TEXTIL RENAUXVIEW S.A.,TEX RENAUX,,TXRX,A palavra 'Formulário de Referência - FRE' foi encontrada na página.,C:\Users\GabrieldeLima/Downloads\130627_007544_29092023190956.pdf,Tradicional - Bolsa,
SYN PROP E TECH S.A.,SYN PROP TEC,NM,SYNE,A palavra 'Formulário de Referência - FRE' foi encontrada na página.,C:\Users\GabrieldeLima/Downloads\130630_021040_01102023111029.pdf,Novo Mercado,
WIZ CO PARTICIPAÇÕES E CORRETAGEM DE SEGUROS S.A.,WIZ CO,NM,WIZC,A palavra 'Formulário de Referência - FRE' foi encontrada na página.,C:\Users\GabrieldeLima/Downloads\130632_023590_01102023131052.pdf,Novo Mercado,
CAMBUCI S.A.,CAMBUCI,,CAMB,A palavra 'Formulário de Referência - FRE' foi encontrada na página.,C:\Users\GabrieldeLima/Downloads\130633_002100_28092023170912.pdf,Tradicional - Bolsa,
LIVETECH DA BAHIA INDUSTRIA E COMERCIO S/A,WDC NETWORKS,NM,LVTC,A palavra 'Formulário de Referência - FRE' foi encontrada na página.,C:\Users\GabrieldeLima/Downloads\130634_025895_30092023180930.pdf,Novo Mercado,
RENOVA ENERGIA S.A.,RENOVA,N2,RNEW,A palavra 'Formulário de Referência - FRE' foi encontrada na página.,C:\Users\GabrieldeLima/Downloads\130642_021636_30092023110959.pdf,Nível 2 de Governança Corporativa,
BCO MERCANTIL DE INVESTIMENTOS S.A.,MERC INVEST,,BMIN,A palavra 'Formulário de Referência - FRE' foi encontrada na página.,C:\Users\GabrieldeLima/Downloads\130647_001309_28092023120929.pdf,Tradicional - Bolsa,
HBR REALTY EMPREENDIMENTOS IMOBILIARIOS S/A,HBR REALTY,NM,HBRE,A palavra 'Formulário de Referência - FRE' foi encontrada na página.,C:\Users\GabrieldeLima/Downloads\130648_025402_30092023170922.pdf,Novo Mercado,
ATMA PARTICIPAÇÕES S.A.,ATMASA,,ATMP,A palavra 'Formulário de Referência - FRE' foi encontrada na página.,C:\Users\GabrieldeLima/Downloads\130650_019100_28092023120940.pdf,Tradicional - Bolsa,
JBS S.A.,JBS,NM,JBSS,A palavra 'Formulário de Referência - FRE' foi encontrada na página.,C:\Users\GabrieldeLima/Downloads\130652_020575_30092023180908.pdf,Novo Mercado,
ALIANSCE SONAE SHOPPING CENTERS S.A.,ALIANSCSONAE,NM,ALSO,A palavra 'Formulário de Referência - FRE' foi encontrada na página.,C:\Users\GabrieldeLima/Downloads\130655_022357_30092023130933.pdf,Novo Mercado,
LOCALIZA RENT A CAR S.A.,LOCALIZA,NM,RENT,A palavra 'Formulário de Referência - FRE' foi encontrada na página.,C:\Users\GabrieldeLima/Downloads\130656_019739_30092023180929.pdf,Novo Mercado,
PRIO S.A.,PETRORIO,NM,PRIO,A palavra 'Formulário de Referência - FRE' foi encontrada na página.,C:\Users\GabrieldeLima/Downloads\130664_022187_01102023101048.pdf,Novo Mercado,
AERIS IND. E COM. DE EQUIP. GERACAO DE ENERGIA S/A,AERIS,NM,AERI,A palavra 'Formulário de Referência - FRE' foi encontrada na página.,C:\Users\GabrieldeLima/Downloads\130667_025283_30092023130906.pdf,Novo Mercado,
QUALICORP CONSULTORIA E CORRETORA DE SEGUROS S.A.,QUALICORP,NM,QUAL,A palavra 'Formulário de Referência - FRE' foi encontrada na página.,C:\Users\GabrieldeLima/Downloads\130678_022497_01102023101002.pdf,Novo Mercado,
CLEAR SALE S.A.,CLEARSALE,NM,CLSA,A palavra 'Formulário de Referência - FRE' foi encontrada na página.,C:\Users\GabrieldeLima/Downloads\130685_026093_30092023150911.pdf,Novo Mercado,
LPS BRASIL - CONSULTORIA DE IMOVEIS S.A.,LOPES BRASIL,NM,LPSB,A palavra 'Formulário de Referência - FRE' foi encontrada na página.,C:\Users\GabrieldeLima/Downloads\130686_020370_30092023180911.pdf,Novo Mercado,
TEGMA GESTAO LOGISTICA S.A.,TEGMA,NM,TGMA,A palavra 'Formulário de Referência - FRE' foi encontrada na página.,C:\Users\GabrieldeLima/Downloads\130687_020800_01102023121034.pdf,Novo Mercado,
ONCOCLINICAS DO BRASIL SERVICOS MEDICOS S.A.,ONCOCLINICAS,NM,ONCO,A palavra 'Formulário de Referência - FRE' foi encontrada na página.,C:\Users\GabrieldeLima/Downloads\130690_026123_01102023211051.pdf,Novo Mercado,
KLABIN S.A.,KLABIN S/A,N2,KLBN,A palavra 'Formulário de Referência - FRE' foi encontrada na página.,C:\Users\GabrieldeLima/Downloads\130700_012653_30092023100936.pdf,Nível 2 de Governança Corporativa,
TRACK & FIELD CO S.A.,TRACK FIELD,N2,TFCO,A palavra 'Formulário de Referência - FRE' foi encontrada na página.,C:\Users\GabrieldeLima/Downloads\130707_025208_30092023110910.pdf,Nível 2 de Governança Corporativa,
BCO ESTADO DO PARA S.A.,BANPARA,,BPAR,A palavra 'Formulário de Referência - FRE' foi encontrada na página.,C:\Users\GabrieldeLima/Downloads\130709_001171_28092023120926.pdf,Tradicional - Bolsa,
ORIZON VALORIZACAO DE RESIDUOS S.A.,ORIZON,NM,ORVR,A palavra 'Formulário de Referência - FRE' foi encontrada na página.,C:\Users\GabrieldeLima/Downloads\130718_025550_01102023211005.pdf,Novo Mercado,
GENERAL SHOPPING E OUTLETS DO BRASIL S.A.,GENERALSHOPP,,GSHP,A palavra 'Formulário de Referência - FRE' foi encontrada na página.,C:\Users\GabrieldeLima/Downloads\130729_021008_29092023140950.pdf,Tradicional - Bolsa,
CIA CATARINENSE DE AGUAS E SANEAM.-CASAN,CASAN,,CASN,A palavra 'Formulário de Referência - FRE' foi encontrada na página.,C:\Users\GabrieldeLima/Downloads\130733_016861_28092023170936.pdf,Tradicional - Bolsa,
UNIFIQUE TELECOMUNICAÇÕES S.A.,UNIFIQUE,NM,FIQE,A palavra 'Formulário de Referência - FRE' foi encontrada na página.,C:\Users\GabrieldeLima/Downloads\130734_026050_01102023121039.pdf,Novo Mercado,
AES BRASIL ENERGIA S.A.,AES BRASIL,NM,AESB,A palavra 'Formulário de Referência - FRE' foi encontrada na página.,C:\Users\GabrieldeLima/Downloads\130735_025640_30092023130920.pdf,Novo Mercado,
EUCATEX S.A. INDUSTRIA E COMERCIO,EUCATEX,N1,EUCA,A palavra 'Formulário de Referência - FRE' foi encontrada na página.,C:\Users\GabrieldeLima/Downloads\130741_005770_30092023130919.pdf,Nível 1 de Governança Corporativa,
SMARTFIT ESCOLA DE GINÁSTICA E DANÇA S.A.,SMART FIT,NM,SMFT,A palavra 'Formulário de Referência - FRE' foi encontrada na página.,C:\Users\GabrieldeLima/Downloads\130749_024260_01102023111008.pdf,Novo Mercado,
INEPAR S.A. INDUSTRIA E CONSTRUCOES,INEPAR,,INEP,A palavra 'Formulário de Referência - FRE' foi encontrada na página.,C:\Users\GabrieldeLima/Downloads\130751_007595_29092023150912.pdf,Tradicional - Bolsa,
ELECTRO ACO ALTONA S.A.,ACO ALTONA,,EALT,A palavra 'Formulário de Referência - FRE' foi encontrada na página.,C:\Users\GabrieldeLima/Downloads\130752_005380_29092023120953.pdf,Tradicional - Bolsa,
BCO PINE S.A.,PINE,N2,PINE,A palavra 'Formulário de Referência - FRE' foi encontrada na página.,C:\Users\GabrieldeLima/Downloads\130759_020567_30092023100939.pdf,Nível 2 de Governança Corporativa,
OI S.A.,OI,N1,OIBR,A palavra 'Formulário de Referência - FRE' foi encontrada na página.,C:\Users\GabrieldeLima/Downloads\130761_011312_30092023120943.pdf,Nível 1 de Governança Corporativa,
ITAU UNIBANCO HOLDING S.A.,ITAUUNIBANCO,N1,ITUB,A palavra 'Formulário de Referência - FRE' foi encontrada na página.,C:\Users\GabrieldeLima/Downloads\130782_019348_30092023120928.pdf,Nível 1 de Governança Corporativa,
GRUPO DE MODA SOMA S.A.,GRUPO SOMA,NM,SOMA,A palavra 'Formulário de Referência - FRE' foi encontrada na página.,C:\Users\GabrieldeLima/Downloads\130789_025011_30092023170929.pdf,Novo Mercado,
CIA SANEAMENTO BASICO EST SAO PAULO,SABESP,NM,SBSP,A palavra 'Formulário de Referência - FRE' foi encontrada na página.,C:\Users\GabrieldeLima/Downloads\130790_014443_30092023150919.pdf,Novo Mercado,
MINERVA S.A.,MINERVA,NM,BEEF,A palavra 'Formulário de Referência - FRE' foi encontrada na página.,C:\Users\GabrieldeLima/Downloads\130792_020931_30092023190940.pdf,Novo Mercado,
POSITIVO TECNOLOGIA S.A.,POSITIVO TEC,NM,POSI,A palavra 'Formulário de Referência - FRE' foi encontrada na página.,C:\Users\GabrieldeLima/Downloads\130798_020362_01102023101000.pdf,Novo Mercado,
CIA FERRO LIGAS DA BAHIA - FERBASA,FERBASA,N1,FESA,A palavra 'Formulário de Referência - FRE' foi encontrada na página.,C:\Users\GabrieldeLima/Downloads\130801_003069_30092023120955.pdf,Nível 1 de Governança Corporativa,
ALGAR TELECOM S/A,ALGAR TELEC,,ALGT,A palavra 'Formulário de Referência - FRE' foi encontrada na página.,C:\Users\GabrieldeLima/Downloads\130803_021032_28092023120921.pdf,Tradicional - Bolsa,
REFINARIA DE PETROLEOS MANGUINHOS S.A.,PET MANGUINH,,RPMG,A palavra 'Formulário de Referência - FRE' não foi encontrada na página.,C:\Users\GabrieldeLima/Downloads\130804_009989_02102023091047.pdf,Tradicional - Bolsa,
AMBIPAR PARTICIPACOES E EMPREENDIMENTOS S/A,AMBIPAR,NM,AMBP,A palavra 'Formulário de Referência - FRE' foi encontrada na página.,C:\Users\GabrieldeLima/Downloads\130807_024961_30092023140910.pdf,Novo Mercado,
ZAMP S.A.,ZAMP S.A.,NM,ZAMP,A palavra 'Formulário de Referência - FRE' foi encontrada na página.,C:\Users\GabrieldeLima/Downloads\130808_024317_01102023131053.pdf,Novo Mercado,
ENGIE BRASIL ENERGIA S.A.,ENGIE BRASIL,NM,EGIE,A palavra 'Formulário de Referência - FRE' foi encontrada na página.,C:\Users\GabrieldeLima/Downloads\130812_017329_30092023160922.pdf,Novo Mercado,
PARANAPANEMA S.A.,PARANAPANEMA,NM,PMAM,A palavra 'Formulário de Referência - FRE' foi encontrada na página.,C:\Users\GabrieldeLima/Downloads\130814_009393_01102023211010.pdf,Novo Mercado,
RUMO S.A.,RUMO S.A.,NM,RAIL,A palavra 'Formulário de Referência - FRE' foi encontrada na página.,C:\Users\GabrieldeLima/Downloads\130816_017450_01102023111004.pdf,Novo Mercado,
VESTE S.A. ESTILO,VESTE,NM,VSTE,A palavra 'Formulário de Referência - FRE' foi encontrada na página.,C:\Users\GabrieldeLima/Downloads\130819_021440_01102023121002.pdf,Novo Mercado,
TUPY S.A.,TUPY,NM,TUPY,A palavra 'Formulário de Referência - FRE' foi encontrada na página.,C:\Users\GabrieldeLima/Downloads\130822_006343_01102023121008.pdf,Novo Mercado,
BCO ALFA DE INVESTIMENTO S.A.,ALFA INVEST,,BRIV,A palavra 'Formulário de Referência - FRE' foi encontrada na página.,C:\Users\GabrieldeLima/Downloads\130824_001384_28092023120916.pdf,Tradicional - Bolsa,
CIA SEGUROS ALIANCA DA BAHIA,SEG AL BAHIA,,CSAB,A palavra 'Formulário de Referência - FRE' foi encontrada na página.,C:\Users\GabrieldeLima/Downloads\130832_003115_28092023180900.pdf,Tradicional - Bolsa,
HIDROVIAS DO BRASIL S.A.,HIDROVIAS,NM,HBSA,A palavra 'Formulário de Referência - FRE' foi encontrada na página.,C:\Users\GabrieldeLima/Downloads\130836_022675_30092023170939.pdf,Novo Mercado,
ATACADÃO S.A.,CARREFOUR BR,NM,CRFB,A palavra 'Formulário de Referência - FRE' foi encontrada na página.,C:\Users\GabrieldeLima/Downloads\130839_024171_30092023140947.pdf,Novo Mercado,
POLPAR S.A.,POLPAR,,PPAR,A palavra 'Formulário de Referência - FRE' não foi encontrada na página.,C:\Users\GabrieldeLima/Downloads\130853_013447_02102023091006.pdf,Tradicional - Bolsa,
BRB BCO DE BRASILIA S.A.,BRB BANCO,,BSLI,A palavra 'Formulário de Referência - FRE' foi encontrada na página.,C:\Users\GabrieldeLima/Downloads\130856_014206_28092023170908.pdf,Tradicional - Bolsa,
OCEANPACT SERVICOS MARITIMOS S.A.,OCEANPACT,NM,OPCT,A palavra 'Formulário de Referência - FRE' foi encontrada na página.,C:\Users\GabrieldeLima/Downloads\130858_025534_01102023101013.pdf,Novo Mercado,
BB SEGURIDADE PARTICIPAÇÕES S.A.,BBSEGURIDADE,NM,BBSE,A palavra 'Formulário de Referência - FRE' foi encontrada na página.,C:\Users\GabrieldeLima/Downloads\130859_023159_30092023140932.pdf,Novo Mercado,
BEMOBI MOBILE TECH S.A.,BEMOBI TECH,NM,BMOB,A palavra 'Formulário de Referência - FRE' foi encontrada na página.,C:\Users\GabrieldeLima/Downloads\130859_023159_30092023140932.pdf,Novo Mercado,
CM HOSPITALAR S.A.,VIVEO,NM,VVEO,A palavra 'Formulário de Referência - FRE' foi encontrada na página.,C:\Users\GabrieldeLima/Downloads\130862_025682_30092023150916.pdf,Novo Mercado,
SENDAS DISTRIBUIDORA S.A.,ASSAI,NM,ASAI,A palavra 'Formulário de Referência - FRE' foi encontrada na página.,C:\Users\GabrieldeLima/Downloads\130868_025372_01102023111018.pdf,Novo Mercado,
INFRACOMMERCE CXAAS S.A.,INFRACOMM,NM,IFCM,A palavra 'Formulário de Referência - FRE' foi encontrada na página.,C:\Users\GabrieldeLima/Downloads\130884_025747_30092023170943.pdf,Novo Mercado,
D1000 VAREJO FARMA PARTICIPAÇÕES S.A.,D1000VFARMA,NM,DMVF,A palavra 'Formulário de Referência - FRE' foi encontrada na página.,C:\Users\GabrieldeLima/Downloads\130885_025046_30092023150930.pdf,Novo Mercado,
GRENDENE S.A.,GRENDENE,NM,GRND,A palavra 'Formulário de Referência - FRE' foi encontrada na página.,C:\Users\GabrieldeLima/Downloads\130886_019615_30092023170913.pdf,Novo Mercado,
POMIFRUTAS S/A,POMIFRUTAS,NM,FRTA,A palavra 'Formulário de Referência - FRE' foi encontrada na página.,C:\Users\GabrieldeLima/Downloads\130888_019658_01102023101014.pdf,Novo Mercado,
AGROGALAXY PARTICIPAÇÕES S.A.,AGROGALAXY,NM,AGXY,A palavra 'Formulário de Referência - FRE' foi encontrada na página.,C:\Users\GabrieldeLima/Downloads\130889_025658_30092023130945.pdf,Novo Mercado,
BRASILAGRO - CIA BRAS DE PROP AGRICOLAS,BRASILAGRO,NM,AGRO,A palavra 'Formulário de Referência - FRE' foi encontrada na página.,C:\Users\GabrieldeLima/Downloads\130889_025658_30092023140904.pdf,Novo Mercado,
BR PROPERTIES S.A.,BR PROPERT,,BRPR,A palavra 'Formulário de Referência - FRE' foi encontrada na página.,C:\Users\GabrieldeLima/Downloads\130897_019925_28092023170955.pdf,Tradicional - Bolsa,
CIA SANEAMENTO DO PARANA - SANEPAR,SANEPAR,N2,SAPR,A palavra 'Formulário de Referência - FRE' foi encontrada na página.,C:\Users\GabrieldeLima/Downloads\130901_018627_30092023100921.pdf,Nível 2 de Governança Corporativa,
NEOENERGIA S.A.,NEOENERGIA,NM,NEOE,A palavra 'Formulário de Referência - FRE' foi encontrada na página.,C:\Users\GabrieldeLima/Downloads\130902_015539_01102023101034.pdf,Novo Mercado,
NEXPE PARTICIPAÇÕES S.A,NEXPE,NM,NEXP,A palavra 'Formulário de Referência - FRE' foi encontrada na página.,C:\Users\GabrieldeLima/Downloads\130908_021180_01102023101028.pdf,Novo Mercado,
USINAS SID DE MINAS GERAIS S.A.-USIMINAS,USIMINAS,N1,USIM,A palavra 'Formulário de Referência - FRE' foi encontrada na página.,C:\Users\GabrieldeLima/Downloads\130911_014320_30092023120929.pdf,Nível 1 de Governança Corporativa,
RANDON S.A. IMPLEMENTOS E PARTICIPACOES,RANDON PART,N1,RAPT,A palavra 'Formulário de Referência - FRE' foi encontrada na página.,C:\Users\GabrieldeLima/Downloads\130912_014109_30092023120955.pdf,Nível 1 de Governança Corporativa,
BCO PAN S.A.,BANCO PAN,N1,BPAN,A palavra 'Formulário de Referência - FRE' foi encontrada na página.,C:\Users\GabrieldeLima/Downloads\130915_021199_30092023110959.pdf,Nível 1 de Governança Corporativa,
FERTILIZANTES HERINGER S.A.,FER HERINGER,NM,FHER,A palavra 'Formulário de Referência - FRE' foi encontrada na página.,C:\Users\GabrieldeLima/Downloads\130916_020621_30092023160922.pdf,Novo Mercado,
LOJAS QUERO-QUERO S/A,QUERO-QUERO,NM,LJQQ,A palavra 'Formulário de Referência - FRE' foi encontrada na página.,C:\Users\GabrieldeLima/Downloads\130918_025038_30092023180954.pdf,Novo Mercado,
BCO MERCANTIL DO BRASIL S.A.,MERCANTIL,N1,BMEB,A palavra 'Formulário de Referência - FRE' foi encontrada na página.,C:\Users\GabrieldeLima/Downloads\130919_001325_30092023110959.pdf,Nível 1 de Governança Corporativa,
REDE DOR SÃO LUIZ S.A.,REDE D OR,NM,RDOR,A palavra 'Formulário de Referência - FRE' foi encontrada na página.,C:\Users\GabrieldeLima/Downloads\130920_024821_01102023101053.pdf,Novo Mercado,
TRANSMISSORA ALIANÇA DE ENERGIA ELÉTRICA S.A.,TAESA,N2,TAEE,A palavra 'Formulário de Referência - FRE' foi encontrada na página.,C:\Users\GabrieldeLima/Downloads\130924_020257_30092023110945.pdf,Nível 2 de Governança Corporativa,
TRÊS TENTOS AGROINDUSTRIAL S/A,3TENTOS,NM,TTEN,A palavra 'Formulário de Referência - FRE' foi encontrada na página.,C:\Users\GabrieldeLima/Downloads\130928_025950_01102023121031.pdf,Novo Mercado,
BANESTES S.A. - BCO EST ESPIRITO SANTO,BANESTES,,BEES,A palavra 'Formulário de Referência - FRE' foi encontrada na página.,C:\Users\GabrieldeLima/Downloads\130932_001155_28092023120955.pdf,Tradicional - Bolsa,
TEKA-TECELAGEM KUEHNRICH S.A.,TEKA,,TEKA,A palavra 'Formulário de Referência - FRE' foi encontrada na página.,C:\Users\GabrieldeLima/Downloads\130933_011223_29092023180922.pdf,Tradicional - Bolsa,
JHSF PARTICIPACOES S.A.,JHSF PART,NM,JHSF,A palavra 'Formulário de Referência - FRE' foi encontrada na página.,C:\Users\GabrieldeLima/Downloads\130934_020605_30092023180952.pdf,Novo Mercado,
BANCO BMG S.A.,BANCO BMG,N1,BMGB,A palavra 'Formulário de Referência - FRE' foi encontrada na página.,C:\Users\GabrieldeLima/Downloads\130936_024600_30092023110948.pdf,Nível 1 de Governança Corporativa,
PET CENTER COMERCIO E PARTICIPACOES S.A.,PETZ,NM,PETZ,A palavra 'Formulário de Referência - FRE' foi encontrada na página.,C:\Users\GabrieldeLima/Downloads\130939_025089_01102023211043.pdf,Novo Mercado,
BOA SAFRA SEMENTES S.A.,BOA SAFRA,NM,SOJA,A palavra 'Formulário de Referência - FRE' foi encontrada na página.,C:\Users\GabrieldeLima/Downloads\130940_025704_30092023140954.pdf,Novo Mercado,
CVLB BRASIL S.A.,LE BISCUIT,,LLBI,A palavra 'Formulário de Referência - FRE' foi encontrada na página.,C:\Users\GabrieldeLima/Downloads\130942_025542_28092023190953.pdf,Tradicional - Bolsa,
PORTO SEGURO S.A.,PORTO SEGURO,NM,PSSA,A palavra 'Formulário de Referência - FRE' foi encontrada na página.,C:\Users\GabrieldeLima/Downloads\130945_016659_01102023101031.pdf,Novo Mercado,
ODONTOPREV S.A.,ODONTOPREV,NM,ODPV,A palavra 'Formulário de Referência - FRE' foi encontrada na página.,C:\Users\GabrieldeLima/Downloads\130947_020125_01102023101031.pdf,Novo Mercado,
AMBEV S.A.,AMBEV S/A,,ABEV,A palavra 'Formulário de Referência - FRE' foi encontrada na página.,C:\Users\GabrieldeLima/Downloads\130951_023264_28092023120936.pdf,Tradicional - Bolsa,
CONC ROD AYRTON SENNA E CARV PINTO S.A.-ECOPISTAS,ECOPISTAS,,ASCP,A palavra 'Formulário de Referência - FRE' foi encontrada na página.,C:\Users\GabrieldeLima/Downloads\130953_022411_28092023180945.pdf,Tradicional - Bolsa,
CONC ECOVIAS IMIGRANTES S.A.,ECOVIAS,,ECOV,A palavra 'Formulário de Referência - FRE' foi encontrada na página.,C:\Users\GabrieldeLima/Downloads\130955_020397_28092023180940.pdf,Tradicional - Bolsa,
PADTEC HOLDING S.A.,PADTEC,NM,PDTC,A palavra 'Formulário de Referência - FRE' foi encontrada na página.,C:\Users\GabrieldeLima/Downloads\130956_018414_01102023211006.pdf,Novo Mercado,
ANIMA HOLDING S.A.,ANIMA,NM,ANIM,A palavra 'Formulário de Referência - FRE' foi encontrada na página.,C:\Users\GabrieldeLima/Downloads\130972_023248_30092023140915.pdf,Novo Mercado,
VIBRA ENERGIA S.A.,VIBRA,NM,VBBR,A palavra 'Formulário de Referência - FRE' foi encontrada na página.,C:\Users\GabrieldeLima/Downloads\130977_024295_01102023121053.pdf,Novo Mercado,
ENERGISA S.A.,ENERGISA,N2,ENGI,A palavra 'Formulário de Referência - FRE' foi encontrada na página.,C:\Users\GabrieldeLima/Downloads\130978_015253_30092023100925.pdf,Nível 2 de Governança Corporativa,
MELNICK DESENVOLVIMENTO IMOBILIÁRIO S.A.,MELNICK,NM,MELK,A palavra 'Formulário de Referência - FRE' foi encontrada na página.,C:\Users\GabrieldeLima/Downloads\130982_025119_30092023190921.pdf,Novo Mercado,
KORA SAÚDE PARTICIPAÇÕES S.A,KORA SAUDE,NM,KRSA,A palavra 'Formulário de Referência - FRE' foi encontrada na página.,C:\Users\GabrieldeLima/Downloads\130983_025879_30092023180925.pdf,Novo Mercado,
CEMIG DISTRIBUICAO S.A.,CEMIG DIST,,CMGD,A palavra 'Formulário de Referência - FRE' foi encontrada na página.,C:\Users\GabrieldeLima/Downloads\130987_020303_28092023170922.pdf,Tradicional - Bolsa,
ECORODOVIAS INFRAESTRUTURA E LOGÍSTICA S.A.,ECORODOVIAS,NM,ECOR,A palavra 'Formulário de Referência - FRE' foi encontrada na página.,C:\Users\GabrieldeLima/Downloads\130988_022217_01102023211012.pdf,Novo Mercado,
ALPER CONSULTORIA E CORRETORA DE SEGUROS S.A.,ALPER S.A.,NM,APER,A palavra 'Formulário de Referência - FRE' foi encontrada na página.,C:\Users\GabrieldeLima/Downloads\130988_022217_30092023130958.pdf,Novo Mercado,
TRISUL S.A.,TRISUL,NM,TRIS,A palavra 'Formulário de Referência - FRE' foi encontrada na página.,C:\Users\GabrieldeLima/Downloads\130989_021130_01102023121052.pdf,Novo Mercado,
AZEVEDO E TRAVASSOS S.A.,AZEVEDO,,AZEV,A palavra 'Formulário de Referência - FRE' foi encontrada na página.,C:\Users\GabrieldeLima/Downloads\130994_011975_28092023120945.pdf,Tradicional - Bolsa,
BRASKEM S.A.,BRASKEM,N1,BRKM,A palavra 'Formulário de Referência - FRE' foi encontrada na página.,C:\Users\GabrieldeLima/Downloads\130996_004820_30092023110948.pdf,Nível 1 de Governança Corporativa,
MONTEIRO ARANHA S.A.,MONT ARANHA,,MOAR,A palavra 'Formulário de Referência - FRE' não foi encontrada na página.,C:\Users\GabrieldeLima/Downloads\130997_008893_02102023091049.pdf,Tradicional - Bolsa,
OURO FINO SAUDE ANIMAL PARTICIPACOES S.A.,OUROFINO S/A,NM,OFSA,A palavra 'Formulário de Referência - FRE' foi encontrada na página.,C:\Users\GabrieldeLima/Downloads\131005_023507_01102023211001.pdf,Novo Mercado,
CIA PARTICIPACOES ALIANCA DA BAHIA,PAR AL BAHIA,,PEAB,A palavra 'Formulário de Referência - FRE' foi encontrada na página.,C:\Users\GabrieldeLima/Downloads\131006_018708_28092023180953.pdf,Tradicional - Bolsa,
FLEURY S.A.,FLEURY,NM,FLRY,A palavra 'Formulário de Referência - FRE' foi encontrada na página.,C:\Users\GabrieldeLima/Downloads\131007_021881_30092023160918.pdf,Novo Mercado,
AREZZO INDÚSTRIA E COMÉRCIO S.A.,AREZZO CO,NM,ARZZ,A palavra 'Formulário de Referência - FRE' foi encontrada na página.,C:\Users\GabrieldeLima/Downloads\131009_022349_30092023140936.pdf,Novo Mercado,
ROMI S.A.,ROMI,NM,ROMI,A palavra 'Formulário de Referência - FRE' foi encontrada na página.,C:\Users\GabrieldeLima/Downloads\131012_025569_01102023111037.pdf,Novo Mercado,
ELETROMIDIA S.A.,ELETROMIDIA,NM,ELMD,A palavra 'Formulário de Referência - FRE' foi encontrada na página.,C:\Users\GabrieldeLima/Downloads\131012_025569_30092023160939.pdf,Novo Mercado,
CORREA RIBEIRO S.A. COMERCIO E INDUSTRIA,COR RIBEIRO,,CORR,A palavra 'Formulário de Referência - FRE' foi encontrada na página.,C:\Users\GabrieldeLima/Downloads\131017_004863_28092023190922.pdf,Tradicional - Bolsa,
AZUL S.A.,AZUL,N2,AZUL,A palavra 'Formulário de Referência - FRE' foi encontrada na página.,C:\Users\GabrieldeLima/Downloads\131019_024112_30092023100925.pdf,Nível 2 de Governança Corporativa,
ALPARGATAS S.A.,ALPARGATAS,N1,ALPA,A palavra 'Formulário de Referência - FRE' foi encontrada na página.,C:\Users\GabrieldeLima/Downloads\131020_010456_30092023110938.pdf,Nível 1 de Governança Corporativa,
LOCAWEB SERVIÇOS DE INTERNET S.A.,LOCAWEB,NM,LWSA,A palavra 'Formulário de Referência - FRE' foi encontrada na página.,C:\Users\GabrieldeLima/Downloads\131022_024910_30092023180904.pdf,Novo Mercado,
BCO ABC BRASIL S.A.,ABC BRASIL,N2,ABCB,A palavra 'Formulário de Referência - FRE' foi encontrada na página.,C:\Users\GabrieldeLima/Downloads\131025_020958_30092023100929.pdf,Nível 2 de Governança Corporativa,
IGUATEMI S.A.,IGUATEMI S.A,N1,IGTI,A palavra 'Formulário de Referência - FRE' foi encontrada na página.,C:\Users\GabrieldeLima/Downloads\131026_008672_30092023120912.pdf,Nível 1 de Governança Corporativa,
MAHLE-METAL LEVE S.A.,METAL LEVE,NM,LEVE,A palavra 'Formulário de Referência - FRE' foi encontrada na página.,C:\Users\GabrieldeLima/Downloads\131032_008575_30092023190947.pdf,Novo Mercado,
MOBLY S.A.,MOBLY,NM,MBLY,A palavra 'Formulário de Referência - FRE' foi encontrada na página.,C:\Users\GabrieldeLima/Downloads\131035_025461_30092023190934.pdf,Novo Mercado,
BCO ESTADO DE SERGIPE S.A. - BANESE,BANESE,,BGIP,A palavra 'Formulário de Referência - FRE' foi encontrada na página.,C:\Users\GabrieldeLima/Downloads\131036_001120_28092023120927.pdf,Tradicional - Bolsa,
IRB - BRASIL RESSEGUROS S.A.,IRBBRASIL RE,NM,IRBR,A palavra 'Formulário de Referência - FRE' foi encontrada na página.,C:\Users\GabrieldeLima/Downloads\131042_024180_30092023180950.pdf,Novo Mercado,
JSL S.A.,JSL,NM,JSLG,A palavra 'Formulário de Referência - FRE' foi encontrada na página.,C:\Users\GabrieldeLima/Downloads\131044_022020_30092023180913.pdf,Novo Mercado,
SEQUOIA LOGISTICA E TRANSPORTES S.A,SEQUOIA LOG,NM,SEQL,A palavra 'Formulário de Referência - FRE' foi encontrada na página.,C:\Users\GabrieldeLima/Downloads\131048_025160_01102023111022.pdf,Novo Mercado,
EZ TEC EMPREEND. E PARTICIPACOES S.A.,EZTEC,NM,EZTC,A palavra 'Formulário de Referência - FRE' foi encontrada na página.,C:\Users\GabrieldeLima/Downloads\131051_020770_01102023211013.pdf,Novo Mercado,
WESTWING COMERCIO VAREJISTA S.A.,WESTWING,NM,WEST,A palavra 'Formulário de Referência - FRE' foi encontrada na página.,C:\Users\GabrieldeLima/Downloads\131053_025518_01102023131037.pdf,Novo Mercado,
BCO SANTANDER (BRASIL) S.A.,SANTANDER BR,,SANB,A palavra 'Formulário de Referência - FRE' foi encontrada na página.,C:\Users\GabrieldeLima/Downloads\131055_020532_28092023160936.pdf,Tradicional - Bolsa,
PETROLEO BRASILEIRO S.A. PETROBRAS,PETROBRAS,N2,PETR,A palavra 'Formulário de Referência - FRE' foi encontrada na página.,C:\Users\GabrieldeLima/Downloads\131056_009512_30092023110906.pdf,Nível 2 de Governança Corporativa,
BAUMER S.A.,BAUMER,,BALM,A palavra 'Formulário de Referência - FRE' foi encontrada na página.,C:\Users\GabrieldeLima/Downloads\131057_001562_28092023120902.pdf,Tradicional - Bolsa,
SAO PAULO TURISMO S.A.,SPTURIS,,AHEB,A palavra 'Formulário de Referência - FRE' foi encontrada na página.,C:\Users\GabrieldeLima/Downloads\131059_009415_29092023180948.pdf,Tradicional - Bolsa,
TECHNOS S.A.,TECHNOS,NM,TECN,A palavra 'Formulário de Referência - FRE' foi encontrada na página.,C:\Users\GabrieldeLima/Downloads\131060_025330_01102023121044.pdf,Novo Mercado,
ALLIED TECNOLOGIA S.A.,ALLIED,NM,ALLD,A palavra 'Formulário de Referência - FRE' foi encontrada na página.,C:\Users\GabrieldeLima/Downloads\131060_025330_30092023130939.pdf,Novo Mercado,
CAIXA SEGURIDADE PARTICIPAÇÕES S.A.,CAIXA SEGURI,NM,CXSE,A palavra 'Formulário de Referência - FRE' foi encontrada na página.,C:\Users\GabrieldeLima/Downloads\131062_023795_30092023140913.pdf,Novo Mercado,
ALPHAVILLE S.A.,ALPHAVILLE,NM,AVLL,A palavra 'Formulário de Referência - FRE' foi encontrada na página.,C:\Users\GabrieldeLima/Downloads\131065_025275_30092023140912.pdf,Novo Mercado,
CIA ENERGETICA DE MINAS GERAIS - CEMIG,CEMIG,N1,CMIG,A palavra 'Formulário de Referência - FRE' foi encontrada na página.,C:\Users\GabrieldeLima/Downloads\131069_002453_30092023120946.pdf,Nível 1 de Governança Corporativa,
CEMIG GERACAO E TRANSMISSAO S.A.,CEMIG GT,,CMGT,A palavra 'Formulário de Referência - FRE' foi encontrada na página.,C:\Users\GabrieldeLima/Downloads\131070_020320_28092023170924.pdf,Tradicional - Bolsa,
BCO BRADESCO S.A.,BRADESCO,N1,BBDC,A palavra 'Formulário de Referência - FRE' foi encontrada na página.,C:\Users\GabrieldeLima/Downloads\131072_000906_30092023110905.pdf,Nível 1 de Governança Corporativa,
DESKTOP S.A.,DESKTOP,NM,DESK,A palavra 'Formulário de Referência - FRE' foi encontrada na página.,C:\Users\GabrieldeLima/Downloads\131086_026026_30092023150953.pdf,Novo Mercado,
INTERNATIONAL MEAL COMPANY ALIMENTACAO S.A.,IMC S/A,NM,MEAL,A palavra 'Formulário de Referência - FRE' foi encontrada na página.,C:\Users\GabrieldeLima/Downloads\131087_023574_30092023170916.pdf,Novo Mercado,
STATKRAFT ENERGIAS RENOVAVEIS S.A.,STATKRAFT,,STKF,A palavra 'Formulário de Referência - FRE' foi encontrada na página.,C:\Users\GabrieldeLima/Downloads\131091_022594_29092023180917.pdf,Tradicional - Bolsa,
CONSTRUTORA TENDA S.A.,TENDA,NM,TEND,A palavra 'Formulário de Referência - FRE' foi encontrada na página.,C:\Users\GabrieldeLima/Downloads\131094_021148_30092023150944.pdf,Novo Mercado,
DIAGNOSTICOS DA AMERICA S.A.,DASA,NM,DASA,A palavra 'Formulário de Referência - FRE' foi encontrada na página.,C:\Users\GabrieldeLima/Downloads\131094_021148_30092023160918.pdf,Novo Mercado,
BLAU FARMACÊUTICA S.A.,BLAU,NM,BLAU,A palavra 'Formulário de Referência - FRE' foi encontrada na página.,C:\Users\GabrieldeLima/Downloads\131096_024627_30092023140932.pdf,Novo Mercado,
PETRORECÔNCAVO S.A.,PETRORECSA,NM,RECV,A palavra 'Formulário de Referência - FRE' foi encontrada na página.,C:\Users\GabrieldeLima/Downloads\131097_025780_01102023211018.pdf,Novo Mercado,
EVEN CONSTRUTORA E INCORPORADORA S.A.,EVEN,NM,EVEN,A palavra 'Formulário de Referência - FRE' foi encontrada na página.,C:\Users\GabrieldeLima/Downloads\131098_020524_30092023160944.pdf,Novo Mercado,
ULTRAPAR PARTICIPACOES S.A.,ULTRAPAR,NM,UGPA,A palavra 'Formulário de Referência - FRE' foi encontrada na página.,C:\Users\GabrieldeLima/Downloads\131099_018465_01102023121047.pdf,Novo Mercado,
LUPATECH S.A.,LUPATECH,NM,LUPA,A palavra 'Formulário de Referência - FRE' foi encontrada na página.,C:\Users\GabrieldeLima/Downloads\131100_020060_30092023180922.pdf,Novo Mercado,
BCO ESTADO DO RIO GRANDE DO SUL S.A.,BANRISUL,N1,BRSR,A palavra 'Formulário de Referência - FRE' foi encontrada na página.,C:\Users\GabrieldeLima/Downloads\131102_001210_30092023110914.pdf,Nível 1 de Governança Corporativa,
CRUZEIRO DO SUL EDUCACIONAL S.A.,CRUZEIRO EDU,NM,CSED,A palavra 'Formulário de Referência - FRE' foi encontrada na página.,C:\Users\GabrieldeLima/Downloads\131105_025526_01102023201056.pdf,Novo Mercado,
SIMPAR S.A.,SIMPAR,NM,SIMH,A palavra 'Formulário de Referência - FRE' foi encontrada na página.,C:\Users\GabrieldeLima/Downloads\131106_025003_01102023111039.pdf,Novo Mercado,
COMERC PARTICIPACOES S.A.,COMERC PAR,,COMR,A palavra 'Formulário de Referência - FRE' foi encontrada na página.,C:\Users\GabrieldeLima/Downloads\131107_026280_28092023180928.pdf,Tradicional - Bolsa,
ENEVA S.A,ENEVA,NM,ENEV,A palavra 'Formulário de Referência - FRE' foi encontrada na página.,C:\Users\GabrieldeLima/Downloads\131108_021237_30092023160908.pdf,Novo Mercado,
SARAIVA LIVREIROS S.A. - EM RECUPERAÇÃO JUDICIAL,SARAIVA LIVR,N2,SLED,A palavra 'Formulário de Referência - FRE' foi encontrada na página.,C:\Users\GabrieldeLima/Downloads\131113_010472_30092023110912.pdf,Nível 2 de Governança Corporativa,
PRINER SERVIÇOS INDUSTRIAIS S.A.,PRINER,NM,PRNR,A palavra 'Formulário de Referência - FRE' foi encontrada na página.,C:\Users\GabrieldeLima/Downloads\131115_024236_01102023101038.pdf,Novo Mercado,
CIELO S.A. - INSTITUIÇÃO DE PAGAMENTO,CIELO,NM,CIEL,A palavra 'Formulário de Referência - FRE' foi encontrada na página.,C:\Users\GabrieldeLima/Downloads\131116_021733_30092023150903.pdf,Novo Mercado,
AMPLA ENERGIA E SERVICOS S.A.,AMPLA ENERG,,CBEE,A palavra 'Formulário de Referência - FRE' foi encontrada na página.,C:\Users\GabrieldeLima/Downloads\131117_003050_28092023120942.pdf,Tradicional - Bolsa,
BCO AMAZONIA S.A.,AMAZONIA,,BAZA,A palavra 'Formulário de Referência - FRE' foi encontrada na página.,C:\Users\GabrieldeLima/Downloads\131119_000922_28092023120918.pdf,Tradicional - Bolsa,
CIA ESTADUAL DE DISTRIB ENER ELET-CEEE-D,CEEE-D,,CEED,A palavra 'Formulário de Referência - FRE' foi encontrada na página.,C:\Users\GabrieldeLima/Downloads\131121_020648_28092023170914.pdf,Tradicional - Bolsa,
CVC BRASIL OPERADORA E AGÊNCIA DE VIAGENS S.A.,CVC BRASIL,NM,CVCB,A palavra 'Formulário de Referência - FRE' foi encontrada na página.,C:\Users\GabrieldeLima/Downloads\131123_023310_30092023150914.pdf,Novo Mercado,
MITRE REALTY EMPREENDIMENTOS E PARTICIPAÇÕES S.A.,MITRE REALTY,NM,MTRE,A palavra 'Formulário de Referência - FRE' foi encontrada na página.,C:\Users\GabrieldeLima/Downloads\131124_024902_30092023190946.pdf,Novo Mercado,
CENTRAIS ELET BRAS S.A. - ELETROBRAS,ELETROBRAS,N1,ELET,A palavra 'Formulário de Referência - FRE' foi encontrada na página.,C:\Users\GabrieldeLima/Downloads\131126_002437_30092023120904.pdf,Nível 1 de Governança Corporativa,
PDG REALTY S.A. EMPREEND E PARTICIPACOES,PDG REALT,NM,PDGR,A palavra 'Formulário de Referência - FRE' foi encontrada na página.,C:\Users\GabrieldeLima/Downloads\131127_020478_01102023211020.pdf,Novo Mercado,
SANTOS BRASIL PARTICIPACOES S.A.,SANTOS BRP,NM,STBP,A palavra 'Formulário de Referência - FRE' foi encontrada na página.,C:\Users\GabrieldeLima/Downloads\131128_017892_01102023111056.pdf,Novo Mercado,
BCO NORDESTE DO BRASIL S.A.,NORD BRASIL,,BNBR,A palavra 'Formulário de Referência - FRE' foi encontrada na página.,C:\Users\GabrieldeLima/Downloads\131129_001228_28092023160926.pdf,Tradicional - Bolsa,
RAIA DROGASIL S.A.,RAIADROGASIL,NM,RADL,A palavra 'Formulário de Referência - FRE' foi encontrada na página.,C:\Users\GabrieldeLima/Downloads\131131_005258_01102023101013.pdf,Novo Mercado,
SANSUY S.A. INDUSTRIA DE PLASTICOS,SANSUY,,SNSY,A palavra 'Formulário de Referência - FRE' foi encontrada na página.,C:\Users\GabrieldeLima/Downloads\131132_012696_29092023180937.pdf,Tradicional - Bolsa,
MÉLIUZ S.A.,MELIUZ,NM,CASH,A palavra 'Formulário de Referência - FRE' foi encontrada na página.,C:\Users\GabrieldeLima/Downloads\131135_025232_30092023190912.pdf,Novo Mercado,
MANGELS INDUSTRIAL S.A.,MANGELS INDL,,MGEL,A palavra 'Formulário de Referência - FRE' foi encontrada na página.,C:\Users\GabrieldeLima/Downloads\131136_008397_29092023170936.pdf,Tradicional - Bolsa,
CCR S.A.,CCR SA,NM,CCRO,A palavra 'Formulário de Referência - FRE' foi encontrada na página.,C:\Users\GabrieldeLima/Downloads\131137_018821_30092023140938.pdf,Novo Mercado,
SAO CARLOS EMPREEND E PARTICIPACOES S.A.,SAO CARLOS,NM,SCAR,A palavra 'Formulário de Referência - FRE' foi encontrada na página.,C:\Users\GabrieldeLima/Downloads\131138_013781_01102023211055.pdf,Novo Mercado,
SINQIA S.A.,SINQIA,NM,SQIA,A palavra 'Formulário de Referência - FRE' foi encontrada na página.,C:\Users\GabrieldeLima/Downloads\131140_022799_01102023111000.pdf,Novo Mercado,
CIA SANEAMENTO DE MINAS GERAIS-COPASA MG,COPASA,NM,CSMG,A palavra 'Formulário de Referência - FRE' foi encontrada na página.,C:\Users\GabrieldeLima/Downloads\131142_019445_30092023150950.pdf,Novo Mercado,
TERRA SANTA PROPRIEDADES AGRICOLAS S.A.,TERRASANTAPA,NM,LAND,A palavra 'Formulário de Referência - FRE' foi encontrada na página.,C:\Users\GabrieldeLima/Downloads\131143_026000_01102023121009.pdf,Novo Mercado,
SUZANO S.A.,SUZANO S.A.,NM,SUZB,A palavra 'Formulário de Referência - FRE' foi encontrada na página.,C:\Users\GabrieldeLima/Downloads\131144_013986_01102023111013.pdf,Novo Mercado,
BR ADVISORY PARTNERS PARTICIPAÇÕES S.A.,BR PARTNERS,N2,BRBI,A palavra 'Formulário de Referência - FRE' foi encontrada na página.,C:\Users\GabrieldeLima/Downloads\131146_025860_30092023100940.pdf,Nível 2 de Governança Corporativa,
TELEC BRASILEIRAS S.A. TELEBRAS,TELEBRAS,,TELB,A palavra 'Formulário de Referência - FRE' foi encontrada na página.,C:\Users\GabrieldeLima/Downloads\131148_011258_29092023180936.pdf,Tradicional - Bolsa,
BCO BRASIL S.A.,BRASIL,NM,BBAS,A palavra 'Formulário de Referência - FRE' foi encontrada na página.,C:\Users\GabrieldeLima/Downloads\131149_001023_01102023201045.pdf,Novo Mercado,
CTEEP - CIA TRANSMISSÃO ENERGIA ELÉTRICA PAULISTA,TRAN PAULIST,N1,TRPL,A palavra 'Formulário de Referência - FRE' foi encontrada na página.,C:\Users\GabrieldeLima/Downloads\131152_018376_30092023120926.pdf,Nível 1 de Governança Corporativa,
CENTRAIS ELET DE SANTA CATARINA S.A.,CELESC,N2,CLSC,A palavra 'Formulário de Referência - FRE' foi encontrada na página.,C:\Users\GabrieldeLima/Downloads\131153_002461_30092023100952.pdf,Nível 2 de Governança Corporativa,
EQUATORIAL ENERGIA S.A.,EQUATORIAL,NM,EQTL,A palavra 'Formulário de Referência - FRE' foi encontrada na página.,C:\Users\GabrieldeLima/Downloads\131155_020010_30092023160927.pdf,Novo Mercado,
MOVIDA PARTICIPACOES SA,MOVIDA,NM,MOVI,A palavra 'Formulário de Referência - FRE' foi encontrada na página.,C:\Users\GabrieldeLima/Downloads\131156_023825_30092023190907.pdf,Novo Mercado,
BRF S.A.,BRF SA,NM,BRFS,A palavra 'Formulário de Referência - FRE' foi encontrada na página.,C:\Users\GabrieldeLima/Downloads\131157_016292_30092023140908.pdf,Novo Mercado,
GETNINJAS S.A.,GETNINJAS,NM,NINJ,A palavra 'Formulário de Referência - FRE' foi encontrada na página.,C:\Users\GabrieldeLima/Downloads\131161_025887_30092023170906.pdf,Novo Mercado,
NATURA &CO HOLDING S.A.,GRUPO NATURA,NM,NTCO,A palavra 'Formulário de Referência - FRE' foi encontrada na página.,C:\Users\GabrieldeLima/Downloads\131166_024783_01102023101043.pdf,Novo Mercado,
PROFARMA DISTRIB PROD FARMACEUTICOS S.A.,PROFARMA,NM,PFRM,A palavra 'Formulário de Referência - FRE' foi encontrada na página.,C:\Users\GabrieldeLima/Downloads\131167_020346_01102023101054.pdf,Novo Mercado,
CIA PARANAENSE DE ENERGIA - COPEL,COPEL,N2,CPLE,A palavra 'Formulário de Referência - FRE' foi encontrada na página.,C:\Users\GabrieldeLima/Downloads\131169_014311_30092023110928.pdf,Nível 2 de Governança Corporativa,
HAPVIDA PARTICIPACOES E INVESTIMENTOS SA,HAPVIDA,NM,HAPV,A palavra 'Formulário de Referência - FRE' foi encontrada na página.,C:\Users\GabrieldeLima/Downloads\131172_024392_30092023170923.pdf,Novo Mercado,
DEXCO S.A.,DEXCO,NM,DXCO,A palavra 'Formulário de Referência - FRE' foi encontrada na página.,C:\Users\GabrieldeLima/Downloads\131174_021091_30092023150901.pdf,Novo Mercado,
GRAZZIOTIN S.A.,GRAZZIOTIN,,CGRA,A palavra 'Formulário de Referência - FRE' foi encontrada na página.,C:\Users\GabrieldeLima/Downloads\131176_004537_29092023150944.pdf,Tradicional - Bolsa,
GRUPO CASAS BAHIA S.A.,CASAS BAHIA,NM,BHIA,A palavra 'Formulário de Referência - FRE' foi encontrada na página.,C:\Users\GabrieldeLima/Downloads\131182_006505_30092023170945.pdf,Novo Mercado,
KALLAS INCORPORACOES E CONSTRUCOES S.A.,KALLAS,,KLAS,A palavra 'Formulário de Referência - FRE' foi encontrada na página.,C:\Users\GabrieldeLima/Downloads\131184_025798_29092023170933.pdf,Tradicional - Bolsa,
ENAUTA PARTICIPAÇÕES S.A.,ENAUTA PART,NM,ENAT,A palavra 'Formulário de Referência - FRE' foi encontrada na página.,C:\Users\GabrieldeLima/Downloads\131190_022365_30092023160922.pdf,Novo Mercado,
OMEGA ENERGIA S.A.,OMEGAENERGIA,NM,MEGA,A palavra 'Formulário de Referência - FRE' foi encontrada na página.,C:\Users\GabrieldeLima/Downloads\131191_026441_01102023101018.pdf,Novo Mercado,
VALE S.A.,VALE,NM,VALE,A palavra 'Formulário de Referência - FRE' foi encontrada na página.,C:\Users\GabrieldeLima/Downloads\131192_004170_01102023121034.pdf,Novo Mercado,
CURY CONSTRUTORA E INCORPORADORA S.A.,CURY S/A,NM,CURY,A palavra 'Formulário de Referência - FRE' foi encontrada na página.,C:\Users\GabrieldeLima/Downloads\131193_025100_30092023150917.pdf,Novo Mercado,
GAFISA S.A.,GAFISA,NM,GFSA,A palavra 'Formulário de Referência - FRE' foi encontrada na página.,C:\Users\GabrieldeLima/Downloads\131195_016101_30092023160900.pdf,Novo Mercado,
TC S.A.,TC,NM,TRAD,A palavra 'Formulário de Referência - FRE' foi encontrada na página.,C:\Users\GabrieldeLima/Downloads\131196_026077_01102023111029.pdf,Novo Mercado,
TECNISA S.A.,TECNISA,NM,TCSA,A palavra 'Formulário de Referência - FRE' foi encontrada na página.,C:\Users\GabrieldeLima/Downloads\131196_026077_01102023121047.pdf,Novo Mercado,
3R PETROLEUM ÓLEO E GÁS S.A,3R PETROLEUM,NM,RRRP,A palavra 'Formulário de Referência - FRE' foi encontrada na página.,C:\Users\GabrieldeLima/Downloads\131198_025291_30092023130953.pdf,Novo Mercado,